evidence_id,legacy_section,legacy_2v_entry_or_range,source_repository,source_commit,record_path,record_type,materiality,what_it_establishes,what_it_does_not_establish,current_validity,superseded_by,durable_control,one_time_procedure,classification,consolidation_target,future_phase,curated_2v_reference,retention_rationale,owner_disposition
EXP-01-A,Exploratory model development,NO_DIRECT_FUNCTIONAL_2v_MAPPING;EXACT_RANGE_NOT_YET_DETERMINED,racoope70/exploratory-daytrading,2d6f354451515ff07ff6d022ea989ade2bc7574a,README.md,ORIENTATION_DOCUMENT,HIGH,Defines the exploratory repository as a pre-validation research workspace and records promotion boundaries.,"Does not establish validation, candidacy, deployment readiness, or current authorization.",VALID_HISTORICAL_SCOPE_AND_PROMOTION_BOUNDARY,Canonical PROJECT_CONTEXT.md and later validation dispositions for current state.,Separate exploration from validation and prohibit automatic promotion.,Original exploratory notebook organization and usage guidance.,CARRY_FORWARD,C1_REPORT/EXPLORATORY_SCOPE_AND_PROMOTION_BOUNDARY,C2_CANONICAL_REPOSITORY_SKELETON_AND_MIGRATION_PREPARATION,NO_DIRECT_FUNCTIONAL_2v_MAPPING,Concise durable statement of the repository role and its limits.,PENDING
EXP-01-B,Exploratory model development,MIXED_RECORD_GROUP;CONTEXTUAL_2v.10_2v.30_2v.40_2v.70_2v.80_2v.90_2v.100;UNRESOLVED_2v.50;EXACT_RANGE_NOT_YET_DETERMINED,racoope70/exploratory-daytrading,2d6f354451515ff07ff6d022ea989ade2bc7574a,Day_Trading_ML_Overview.md,HISTORICAL_RESEARCH_OVERVIEW,HIGH,"Summarizes historical models, datasets, features, preliminary evaluation, and intended uses.","Does not establish reproducibility, current accepted performance, or current candidate status.",PARTIALLY_VALID_HISTORICAL_SUMMARY,Structured validation records and canonical governance.,"Retain model-family breadth, negative findings, and fair-comparison requirements.","Historical overview metrics, setup descriptions, and screenshots.",SUMMARIZE_AND_REFERENCE,C1_REPORT/EXPLORATORY_MODEL_CATALOG_AND_FINDINGS,C13_PUBLICATION_RELEASE,CONTEXTUAL_FUNCTIONAL_MAPPING:2v.10;2v.30;2v.40;2v.70;2v.80;2v.90;2v.100;UNRESOLVED_MAPPING:2v.50,Useful high-level catalog whose claims require evidence-specific qualification.,PENDING
EXP-01-C,Exploratory model development,DIRECT_2v.10_2v.30_2v.40;EXACT_RANGE_NOT_YET_DETERMINED,racoope70/exploratory-daytrading,2d6f354451515ff07ff6d022ea989ade2bc7574a,initial_day_trading_apple.ipynb,EXPLORATORY_NOTEBOOK,MEDIUM,"Implements early hourly data download, schema normalization, and single-symbol exploration.","Does not establish an accepted provider, provenance, data contract, validation result, or reproducible environment.",HISTORICAL_PROTOTYPE_ONLY,Later multi-stock data work and canonical C5 through C7 decisions.,Preserve schema-normalization lessons and explicit source limitations.,Direct yfinance download and notebook-specific cleanup.,HISTORICAL_ARCHIVE_ONLY,C1_REPORT/EARLY_DATA_PROTOTYPES,C5_DATA_SOURCE_CALENDAR_AND_INITIAL_UNIVERSE_DECISION,DIRECT_FUNCTIONAL_MAPPING:2v.10;2v.30;2v.40,Retains an early data prototype without recommending reuse.,PENDING
EXP-01-D,Exploratory model development,DIRECT_2v.10_2v.40;UNRESOLVED_2v.50;CONTEXTUAL_2v.60;EXACT_RANGE_NOT_YET_DETERMINED,racoope70/exploratory-daytrading,2d6f354451515ff07ff6d022ea989ade2bc7574a,Feature_Engineering_Trading.ipynb,FEATURE_AND_MODEL_EXPERIMENT_NOTEBOOK,HIGH,"Contains candidate feature formulas, named leakage exclusions, split logic, and Random Forest baseline experimentation.","Does not establish fully leakage-safe timing, stable environment identity, or accepted performance.",VALID_AS_DESIGN_INPUT_NOT_EXECUTABLE_BASELINE,Later no-lookahead controls and future canonical data contract.,"Retain feature definitions, explicit leakage exclusions, and deterministic transformations.","RAPIDS, Drive, and notebook-bound training procedure.",CARRY_FORWARD,C1_MANIFEST/FEATURE_ENGINEERING_AND_LEAKAGE_CONTROLS,C6_DATASET_CONTRACT_FREEZE,DIRECT_FUNCTIONAL_MAPPING:2v.10;2v.40;UNRESOLVED_MAPPING:2v.50;CONTEXTUAL_FUNCTIONAL_MAPPING:2v.60,Material design evidence requiring reimplementation and validation.,PENDING
EXP-01-D1,Exploratory model development,DIRECT_2v.10_2v.40;EXACT_RANGE_NOT_YET_DETERMINED,racoope70/exploratory-daytrading,2d6f354451515ff07ff6d022ea989ade2bc7574a,Feature_Engineering_Trading.ipynb,FEATURE_AND_RF_EXPERIMENT_NOTEBOOK,HIGH,"Implements candidate feature formulas, explicit exclusions, labeling, and Random Forest experimentation.","Does not establish chronological evaluation, walk-forward validation, complete leakage safety, or accepted performance.",VALID_AS_DESIGN_INPUT_REQUIRING_REIMPLEMENTATION,Later no-lookahead and canonical dataset and validation controls.,Separate reusable feature logic from model fitting and validation.,Notebook-local RF fitting and environment assumptions.,CARRY_FORWARD,C1_MANIFEST/FEATURE_ENGINEERING_AND_LEAKAGE_DESIGN_INPUT,C6_DATASET_CONTRACT_FREEZE,DIRECT_FUNCTIONAL_MAPPING:2v.10;2v.40,Distinct feature and model-design use of the shared notebook.,PENDING
EXP-01-D2,Exploratory model development,UNRESOLVED_2v.50;CONTEXTUAL_2v.60;EXACT_RANGE_NOT_YET_DETERMINED,racoope70/exploratory-daytrading,2d6f354451515ff07ff6d022ea989ade2bc7574a,Feature_Engineering_Trading.ipynb,VALIDATION_LIMITATION_RECORD,HIGH,Shows a randomized 70/30 split without a chronological boundary.,"Does not establish out-of-sample, walk-forward, or no-lookahead validity.",VALID_NEGATIVE_EVIDENCE_AND_SUPERSEDED_PRACTICE,"Chronological walk-forward, embargo, and no-lookahead requirements.",Require time-based partitioning and explicit leakage controls.,Historical randomized train_test_split use.,OBSOLETE_OR_SUPERSEDED,C1_REPORT/VALIDATION_ANTI_PATTERNS_AND_CORRECTIONS,C6_DATASET_CONTRACT_FREEZE,UNRESOLVED_MAPPING:2v.50;CONTEXTUAL_FUNCTIONAL_MAPPING:2v.60,Distinct negative-evidence use of the shared notebook.,PENDING
EXP-01-E,Exploratory model development,DIRECT_2v.80;EXACT_RANGE_NOT_YET_DETERMINED,racoope70/exploratory-daytrading,2d6f354451515ff07ff6d022ea989ade2bc7574a,Model_Selector_v4.ipynb,MODEL_SELECTION_NOTEBOOK,HIGH,"Implements early cross-family metric harmonization, scoring, gates, incumbent comparison, and false-discovery concepts.","Does not establish an accepted promotion rule, common evaluation package, or untouched holdout.",RESEARCH_DESIGN_INPUT_ONLY,"Canonical C12 candidate freeze, common holdout, and promotion decision.","Retain comparable metrics, hard gates, incumbent switching, and multiple-testing awareness.",Drive-based CSV aggregation and notebook selector procedure.,SUMMARIZE_AND_REFERENCE,C1_REPORT/CANDIDATE_SELECTION_LESSONS,C12_ELIGIBLE_CANDIDATE_FREEZE_SHARED_FINAL_HOLDOUT_AND_PROMOTION_DECISION,DIRECT_FUNCTIONAL_MAPPING:2v.80,Important selector precursor that must not be adopted directly.,PENDING
EXP-01-F,Exploratory model development,DIRECT_2v.10;CONTEXTUAL_2v.70;EXACT_RANGE_NOT_YET_DETERMINED,racoope70/exploratory-daytrading,2d6f354451515ff07ff6d022ea989ade2bc7574a,aapl_dqn_training_v1.ipynb,RL_EXPERIMENT_NOTEBOOK,MEDIUM,Documents DQN implementation and time-series experimentation as an alternative model family.,Does not establish a qualified DQN candidate or direct canonical relevance.,HISTORICAL_NON_TARGET_MODEL_EVIDENCE,"Current PPO, RF, and XGBoost roadmap.",Retain alternative-model and negative-result evidence.,"TensorFlow, RAPIDS, protobuf, and Colab repair steps.",HISTORICAL_ARCHIVE_ONLY,C1_REPORT/ALTERNATIVE_MODEL_FAMILIES,C13_PUBLICATION_RELEASE,DIRECT_FUNCTIONAL_MAPPING:2v.10;CONTEXTUAL_FUNCTIONAL_MAPPING:2v.70,Preserves model-family breadth without expanding the current roadmap.,PENDING
EXP-01-G,Exploratory model development,DIRECT_2v.10_2v.30_2v.40_2v.100;EXACT_RANGE_NOT_YET_DETERMINED,racoope70/exploratory-daytrading,2d6f354451515ff07ff6d022ea989ade2bc7574a,multi_stock_trading_dataset_pipeline.ipynb,MULTI_STOCK_DATASET_NOTEBOOK,HIGH,"Implements multi-symbol acquisition, preparation, feature generation, labeling, and broad-universe dataset work.","Does not establish accepted provider, universe, calendar, contract, validation, or environment identity.",DESIGN_PROVENANCE_ONLY,Governed reconstruction and canonical C5 through C7 decisions.,"Separate acquisition, schema, features, labels, validation, and evidence.",Notebook dependencies and direct downloads.,SUMMARIZE_AND_REFERENCE,C1_REPORT/EARLY_MULTI_STOCK_DATA_DESIGN,C6_DATASET_CONTRACT_FREEZE,DIRECT_FUNCTIONAL_MAPPING:2v.10;2v.30;2v.40;2v.100,Material antecedent for canonical multi-symbol data design.,PENDING
PPO-02-A,Legacy standalone PPO,MIXED_RECORD_GROUP;CONTEXTUAL_2v.10_2v.30_2v.40_2v.60_2v.70_2v.80_2v.90;UNRESOLVED_2v.50;EXACT_RANGE_NOT_YET_DETERMINED,racoope70/exploratory-daytrading,2d6f354451515ff07ff6d022ea989ade2bc7574a,exploratory-results/promoted-to-validation/ppo-model-2024-09/README.md,PROMOTED_RESEARCH_PACKAGE_ORIENTATION,HIGH,"Summarizes historical standalone-PPO architecture, workflow, artifacts, signal interface, risk concepts, and reported metrics.","Does not establish valid out-of-sample evaluation, complete provenance, current trading edge, or deployment readiness.",VALID_HISTORICAL_ARCHITECTURE_SUMMARY_WITH_SUPERSEDED_PROMOTION_LANGUAGE,v1.63 model-quality audit and v1.65 final audit decision.,Preserve architecture lineage while requiring independent validation before promotion.,"Historical Colab, QuantConnect, and external-signal workflow.",SUMMARIZE_AND_REFERENCE,C1_REPORT/LEGACY_STANDALONE_PPO_ARCHITECTURE,C8_PPO_V2_IMPLEMENTATION_READINESS,CONTEXTUAL_FUNCTIONAL_MAPPING:2v.10;2v.30;2v.40;2v.60;2v.70;2v.80;2v.90;UNRESOLVED_MAPPING:2v.50,Concise source for original intent but not accepted current status.,PENDING
PPO-02-B,Legacy standalone PPO,DIRECT_2v.10_2v.30_2v.40_2v.70;UNRESOLVED_2v.50;EXACT_RANGE_NOT_YET_DETERMINED,racoope70/quant-trading-model-validation,0a9c203bc322f6821c04074cb4c28498ab2ab38f,ppo_research_pipeline/ppo_multi_stock_training_pipeline.py,LEGACY_MONOLITHIC_TRAINING_PIPELINE,HIGH,"Implements PPO environment, reward shaping, costs, rolling windows, artifacts, diagnostics, and historical training behavior.","Does not establish valid out-of-sample per-window evaluation, leakage-safe manifests, reproducible environment, or acceptable selection.",SUPERSEDED_IMPLEMENTATION_WITH_RETAINABLE_DESIGN_PROVENANCE,"Modular split, feature-manifest and normalization controls, later audit, and PPO v2 requirements.","Never train and evaluate on the same observations; separate data, training, evaluation, artifacts, and deployment.","Colab installs, Drive paths, direct downloads, same-window evaluation, and best-Sharpe retention.",OBSOLETE_OR_SUPERSEDED,C1_REPORT/LEGACY_PPO_FAILURE_MODES_AND_DESIGN_PROVENANCE,C4_SELECTED_CODE_MIGRATION_ADAPTATION_AND_VERIFICATION,DIRECT_FUNCTIONAL_MAPPING:2v.10;2v.30;2v.40;2v.70;UNRESOLVED_MAPPING:2v.50,"Retain for provenance and negative lessons, not executable migration.",PENDING
PPO-02-C,Legacy standalone PPO,DIRECT_2v.80;EXACT_RANGE_NOT_YET_DETERMINED,racoope70/exploratory-daytrading,2d6f354451515ff07ff6d022ea989ade2bc7574a,exploratory-results/promoted-to-validation/ppo-model-2024-09/PPO Model Selector/ppo_model_selector_full.csv,HISTORICAL_MODEL_SELECTION_RESULTS,HIGH,"Records selected windows and reported portfolio, benchmark, Sharpe, drawdown, and winner fields.","Does not establish full-fold stability, untouched-holdout validity, cost comparability, or unbiased selection.",HISTORICAL_RESULT_EVIDENCE_ONLY,v1.64 promotion standard and v1.65 final decision.,Preserve benchmark-relative evidence and prohibit best-window-only promotion.,Historical selection from local run folders.,SUMMARIZE_AND_REFERENCE,C1_REPORT/LEGACY_PPO_MODEL_SELECTION_EVIDENCE,C12_ELIGIBLE_CANDIDATE_FREEZE_SHARED_FINAL_HOLDOUT_AND_PROMOTION_DECISION,DIRECT_FUNCTIONAL_MAPPING:2v.80,Material evidence of historical selection behavior and benchmark inconsistency.,PENDING
PPO-02-D,Legacy standalone PPO,DIRECT_2v.70;EXACT_RANGE_NOT_YET_DETERMINED,racoope70/ppo-trading-pipeline,072103f43d8b2488c3efca183f637ab0508a193a,docs/runs/v1.8.4_alpaca_ppo_retrain_smoke_test.md,TRAINING_EXECUTION_RECORD,HIGH,Records execution of 120 modular six-symbol smoke-training windows and historical integration artifacts.,"Does not establish production retraining quality, benchmark outperformance, or paper readiness.",VALID_HISTORICAL_INTEGRATION_EVIDENCE,v1.63 audit and v1.65 final model-quality disposition.,Separate integration success from economic qualification.,Historical Alpaca smoke-training execution.,SUMMARIZE_AND_REFERENCE,C1_REPORT/STANDALONE_PPO_RETRAINING_AND_INTEGRATION_EVIDENCE,C9_PPO_V2_TRAINING_VALIDATION_QUALIFICATION_AND_FREEZE,DIRECT_FUNCTIONAL_MAPPING:2v.70,Important integration evidence but not model promotion.,PENDING
PPO-02-E,Legacy standalone PPO,DIRECT_2v.80;EXACT_RANGE_NOT_YET_DETERMINED,racoope70/ppo-trading-pipeline,072103f43d8b2488c3efca183f637ab0508a193a,docs/runs/v1.8.5_final_holdout_validation.md,HISTORICAL_HOLDOUT_EVALUATION_RECORD,HIGH,Records later-than-validation evaluation of 18 candidates under predeclared but permissive thresholds.,"Does not establish current shared-final-holdout compliance, strong economic qualification, or current promotion.",HISTORICAL_HOLDOUT_EVIDENCE_REQUIRING_LATER_SECTION_CONSOLIDATION,"v1.64 standard, v1.65 decision, and canonical C12 governance.",Holdout must begin after all ranking data and use predeclared rules.,Historical v1.8.5 candidate evaluation.,SUMMARIZE_AND_REFERENCE,INVENTORY_ITEM_8_FINAL_HOLDOUT_AND_CANDIDATE_SELECTION,C12_ELIGIBLE_CANDIDATE_FREEZE_SHARED_FINAL_HOLDOUT_AND_PROMOTION_DECISION,DIRECT_FUNCTIONAL_MAPPING:2v.80,Material PPO history consolidated under the dedicated holdout section.,PENDING
PPO-02-F,Legacy standalone PPO,CONTEXTUAL_2v.80_2v.90;EXACT_RANGE_NOT_YET_DETERMINED,racoope70/ppo-trading-pipeline,072103f43d8b2488c3efca183f637ab0508a193a,docs/audits/v1.63_ppo_baseline_model_quality_audit_summary.md,MODEL_QUALITY_AUDIT,CRITICAL,"Audits eighteen complete local-inventory rows, mixed benchmark evidence, negative median benchmark-relative performance, infrastructure pass, and trading-edge failure.","Does not establish immutable model-byte provenance, current PPO v2 performance, or current candidate status.",VALID_SUPERSEDING_HISTORICAL_AUDIT,None for the legacy PPO model-quality conclusion.,"Artifact completeness is not trading edge; require benchmark, stability, leakage, cost, and turnover evidence.",Historical audit of the local legacy-artifact inventory.,CARRY_FORWARD,C1_REPORT/LEGACY_PPO_FINAL_MODEL_QUALITY_FINDINGS,C8_PPO_V2_IMPLEMENTATION_READINESS,CONTEXTUAL_FUNCTIONAL_MAPPING:2v.80;2v.90,Central evidence supporting the final legacy classification.,PENDING
PPO-02-G,Legacy standalone PPO,CONTEXTUAL_2v.80_2v.90;EXACT_RANGE_NOT_YET_DETERMINED,racoope70/ppo-trading-pipeline,072103f43d8b2488c3efca183f637ab0508a193a,docs/standards/v1.64_ppo_promotion_standard_acceptance_criteria.md,HISTORICAL_PROMOTION_STANDARD,CRITICAL,Defines evidence requirements and hard blockers for moving PPO beyond infrastructure use.,Does not establish current authorization or automatic adoption of every historical threshold.,VALID_DESIGN_INPUT_REQUIRING_CANONICAL_RECONCILIATION,Canonical C8 through C12 governance where conflicts exist.,"Require benchmark-relative, cost-aware, leakage-controlled, stable evidence.",Historical legacy-PPO promotion-decision process.,CARRY_FORWARD,C1_REPORT/PPO_V2_QUALIFICATION_AND_PROMOTION_CONTROLS,C8_PPO_V2_IMPLEMENTATION_READINESS,CONTEXTUAL_FUNCTIONAL_MAPPING:2v.80;2v.90,Encodes durable safeguards developed from legacy model failures.,PENDING
PPO-02-H,Legacy standalone PPO,DIRECT_2v.80_2v.90;EXACT_RANGE_NOT_YET_DETERMINED,racoope70/ppo-trading-pipeline,072103f43d8b2488c3efca183f637ab0508a193a,docs/decisions/v1.65_legacy_ppo_final_audit_decision.md,FINAL_HISTORICAL_MODEL_DISPOSITION,CRITICAL,"Establishes infrastructure-fixture-only status, failed trading-edge promotion, controlled-submit rejection, and no direct legacy retraining.",Does not establish current PPO v2 rejection or current technical authorization.,VALID_FINAL_HISTORICAL_DISPOSITION,None for the legacy PPO candidate disposition.,Historical models remain fixtures until a new candidate independently qualifies.,Legacy PPO final audit closure.,CARRY_FORWARD,C1_REPORT/LEGACY_PPO_TERMINAL_DISPOSITION,C8_PPO_V2_IMPLEMENTATION_READINESS,DIRECT_FUNCTIONAL_MAPPING:2v.80;2v.90,Prevents accidental revival or promotion of the legacy PPO.,PENDING
PPO-02-I,Legacy standalone PPO,CONTEXTUAL_2v.80_2v.90;EXACT_RANGE_NOT_YET_DETERMINED,racoope70/ppo-trading-pipeline,072103f43d8b2488c3efca183f637ab0508a193a,docs/audits/v1.62_ppo_baseline_artifact_inventory.csv,LOCAL_ARTIFACT_INVENTORY_RECORD,CRITICAL,"Commits local path-existence checks, completeness fields, reported metrics, and prefixes for 120 historical PPO rows.",Does not establish that inventoried artifact bytes are Git objects or available from another immutable source.,VALID_COMMITTED_LOCAL_INVENTORY_RECORD_WITH_UNRESOLVED_BYTE_PROVENANCE,v1.63 for model-quality interpretation; no immutable artifact source resolves provenance.,Separate committed inventory evidence from immutable binary provenance.,Historical local deployment-artifact filesystem inventory.,SUMMARIZE_AND_REFERENCE,C1_REPORT/LEGACY_PPO_ARTIFACT_INVENTORY_AND_PROVENANCE_GAP,C8_PPO_V2_IMPLEMENTATION_READINESS,CONTEXTUAL_FUNCTIONAL_MAPPING:2v.80;2v.90,Required for completeness findings and the unresolved provenance boundary.,PENDING
PPO-02-J,Legacy standalone PPO,CONTEXTUAL_2v.80_2v.90;EXACT_RANGE_NOT_YET_DETERMINED,racoope70/ppo-trading-pipeline,072103f43d8b2488c3efca183f637ab0508a193a,docs/audits/v1.62_ppo_baseline_artifact_inventory_summary.md,LOCAL_ARTIFACT_INVENTORY_SUMMARY,HIGH,"Summarizes historical inventory counts, symbol coverage, manifest reference, and infrastructure-only interpretation.",Does not establish immutable binary provenance or model-quality promotion.,VALID_COMMITTED_INVENTORY_SUMMARY,v1.63 for model-quality interpretation.,Inventory summaries must state their evidence source and interpretation boundary.,Historical summarization of the local inventory.,SUMMARIZE_AND_REFERENCE,C1_REPORT/LEGACY_PPO_ARTIFACT_INVENTORY_AND_PROVENANCE_GAP,C8_PPO_V2_IMPLEMENTATION_READINESS,CONTEXTUAL_FUNCTIONAL_MAPPING:2v.80;2v.90,Concise scope and completeness record without claiming trading edge.,PENDING
PPO-02-K,Legacy standalone PPO,DIRECT_2v.80;CONTEXTUAL_2v.90;EXACT_RANGE_NOT_YET_DETERMINED,racoope70/ppo-trading-pipeline,072103f43d8b2488c3efca183f637ab0508a193a,config/paper_trading_six_ticker_manifest.json,HISTORICAL_ARTIFACT_SELECTION_MANIFEST,HIGH,"Commits six-symbol selected prefixes, expected artifact types, source-validation references, and dry-run defaults.",Does not establish immutable provenance or availability of referenced model and VecNormalize bytes.,VALID_COMMITTED_HISTORICAL_MANIFEST_WITH_UNRESOLVED_REFERENCED_ARTIFACT_PROVENANCE,v1.65 for candidate status and future canonical manifest contracts.,Manifest references require immutable artifact identities and checksums before migration.,Historical v1.9 selected-model and paper-dry-run configuration.,SUMMARIZE_AND_REFERENCE,C1_REPORT/LEGACY_PPO_ARTIFACT_INVENTORY_AND_PROVENANCE_GAP,C8_PPO_V2_IMPLEMENTATION_READINESS,DIRECT_FUNCTIONAL_MAPPING:2v.80;CONTEXTUAL_FUNCTIONAL_MAPPING:2v.90,Preserves selected-prefix history without misrepresenting it as binary provenance.,PENDING
RF-03-A,Legacy PPO plus Random Forest,CONTEXTUAL_2v.10_2v.30_2v.40_2v.50_2v.60_2v.70_2v.80_2v.90;EXACT_RANGE_NOT_YET_DETERMINED,racoope70/exploratory-daytrading,2d6f354451515ff07ff6d022ea989ade2bc7574a,exploratory-results/promoted-to-validation/ppo-rf-hybrid-2026-05/README.md,PROMOTED_HYBRID_RESEARCH_PACKAGE_ORIENTATION,HIGH,"Describes intended PPO sizing plus Random Forest gate, data alignment, artifacts, comparison, and deployment concepts.","Does not establish leakage-free evaluation, incremental gate edge, untouched holdout, or deployment readiness.",HISTORICAL_ARCHITECTURE_SUMMARY_WITH_OVERSTATED_VALIDATION_LANGUAGE,Validation repository evidence and v1.60/v1.65 terminal dispositions.,"Require independent gate contribution, causal alignment, and base-policy qualification.","Notebook setup, credentials, dataset building, and readiness claims.",SUMMARIZE_AND_REFERENCE,C1_REPORT/LEGACY_PPO_RF_ARCHITECTURE,C10_RANDOM_FOREST_GATE_DEVELOPMENT_AND_VALIDATION,CONTEXTUAL_FUNCTIONAL_MAPPING:2v.10;2v.30;2v.40;2v.50;2v.60;2v.70;2v.80;2v.90,Retains intended hybrid architecture while qualifying unsupported claims.,PENDING
RF-03-B,Legacy PPO plus Random Forest,CONTEXTUAL_2v.10_2v.50_2v.60_2v.70_2v.80_2v.90;EXACT_RANGE_NOT_YET_DETERMINED,racoope70/quant-trading-model-validation,0a9c203bc322f6821c04074cb4c28498ab2ab38f,ppo_rf_research_pipeline/README.md,LEGACY_HYBRID_VALIDATION_ORIENTATION,HIGH,"Records the hybrid research package, audit context, and comparison intent.","Does not establish current authorization, a complete audit denominator, or qualified hybrid status.",VALID_HISTORICAL_STATUS_SUMMARY,v1.60 and v1.65 terminal dispositions.,Keep base-policy and gate qualification separate.,Historical validation-repository workflow language.,CARRY_FORWARD,C1_REPORT/LEGACY_PPO_RF_STATUS_AND_BOUNDARIES,C10_RANDOM_FOREST_GATE_DEVELOPMENT_AND_VALIDATION,CONTEXTUAL_FUNCTIONAL_MAPPING:2v.10;2v.50;2v.60;2v.70;2v.80;2v.90,Useful boundary record without technical promotion effect.,PENDING
RF-03-C,Legacy PPO plus Random Forest,DIRECT_2v.10_2v.30_2v.40_2v.70_2v.80;CONTEXTUAL_2v.50_2v.60_2v.90;EXACT_RANGE_NOT_YET_DETERMINED,racoope70/quant-trading-model-validation,0a9c203bc322f6821c04074cb4c28498ab2ab38f,ppo_rf_research_pipeline/ppo_rf_hybrid_trading_system.py,MONOLITHIC_HYBRID_RESEARCH_IMPLEMENTATION,CRITICAL,"Implements data acquisition, alignment, labels, RF and PPO fitting, gate logic, confidence, evaluation, selection, and artifact export.","Does not establish causal feature timing, independently frozen thresholds, paired incremental comparison, untouched holdout, or reproducibility.",OBSOLETE_IMPLEMENTATION_WITH_RETAINABLE_HYBRID_DESIGN_EVIDENCE,Future canonical PPO and RF gate implementations.,Qualify the base PPO first and prove incremental gate value with immutable contracts.,"Monolithic notebook-style data, model, selection, and export procedure.",OBSOLETE_OR_SUPERSEDED,C1_REPORT/PPO_RF_IMPLEMENTATION_FINDINGS_AND_FAILURE_MODES,C10_RANDOM_FOREST_GATE_DEVELOPMENT_AND_VALIDATION,DIRECT_FUNCTIONAL_MAPPING:2v.10;2v.30;2v.40;2v.70;2v.80;CONTEXTUAL_FUNCTIONAL_MAPPING:2v.50;2v.60;2v.90,"Primary implementation and failure-mode evidence, unsuitable for direct migration.",PENDING
RF-03-D,Legacy PPO plus Random Forest,DIRECT_2v.80;CONTEXTUAL_2v.50_2v.90;EXACT_RANGE_NOT_YET_DETERMINED,racoope70/exploratory-daytrading,2d6f354451515ff07ff6d022ea989ade2bc7574a,exploratory-results/promoted-to-validation/ppo-rf-hybrid-2026-05/Model Selector/ppo_rf_model_selector_full.csv,HISTORICAL_SELECTED_WINDOW_RESULTS,CRITICAL,Records eight selected hybrid rows and historical metrics.,"Does not establish paired gate contribution, untouched holdout, all-window stability, or unbiased selection.",HISTORICAL_RESULT_EVIDENCE_ONLY,Future C10 validation and C12 selection governance.,Retain complete comparison denominators and predeclared selection rules.,Historical best-window selector output.,SUMMARIZE_AND_REFERENCE,C1_REPORT/LEGACY_PPO_RF_RESULTS_AND_SELECTION_BIAS,C12_ELIGIBLE_CANDIDATE_FREEZE_SHARED_FINAL_HOLDOUT_AND_PROMOTION_DECISION,DIRECT_FUNCTIONAL_MAPPING:2v.80;CONTEXTUAL_FUNCTIONAL_MAPPING:2v.50;2v.90,Material selection evidence and bias warning.,PENDING
RF-03-E,Legacy PPO plus Random Forest,DIRECT_2v.80;CONTEXTUAL_2v.90;EXACT_RANGE_NOT_YET_DETERMINED,racoope70/exploratory-daytrading,2d6f354451515ff07ff6d022ea989ade2bc7574a,exploratory-results/promoted-to-validation/ppo-rf-hybrid-2026-05/Model Selector/ppo_rf_model_selector_final.json,HISTORICAL_SELECTED_ARTIFACT_INDEX,HIGH,"Records selected prefixes, thresholds, metrics, and local artifact locations.","Does not establish immutable artifact bytes, checksums, or current deployment eligibility.",VALID_HISTORICAL_INDEX_WITH_UNRESOLVED_ARTIFACT_PROVENANCE,Future canonical manifests and v1.65 status.,Bind selected identities to checksummed immutable artifacts.,Historical local selected-artifact index.,SUMMARIZE_AND_REFERENCE,C1_REPORT/LEGACY_PPO_RF_ARTIFACT_INDEX,C10_RANDOM_FOREST_GATE_DEVELOPMENT_AND_VALIDATION,DIRECT_FUNCTIONAL_MAPPING:2v.80;CONTEXTUAL_FUNCTIONAL_MAPPING:2v.90,Preserves selection identity without asserting artifact availability.,PENDING
RF-03-F,Legacy PPO plus Random Forest,DIRECT_2v.80;CONTEXTUAL_2v.50_2v.60_2v.90;EXACT_RANGE_NOT_YET_DETERMINED,racoope70/exploratory-daytrading,2d6f354451515ff07ff6d022ea989ade2bc7574a,exploratory-results/promoted-to-validation/ppo-rf-hybrid-2026-05/PPO RF Models QC Top/ppo_TXN_window2_model_info.json,HISTORICAL_HYBRID_MODEL_INFORMATION,HIGH,"Records a representative feature set, out-of-sample fields, gate threshold, risk values, and window identity.",Does not establish stability across symbols or complete qualification.,HISTORICAL_REPRESENTATIVE_ARTIFACT_METADATA,Future canonical gate artifacts and validation package.,"Require complete multi-window, multi-symbol metadata and immutable identity.",Historical selected-window metadata.,SUMMARIZE_AND_REFERENCE,C1_REPORT/LEGACY_PPO_RF_REPRESENTATIVE_ARTIFACT,C10_RANDOM_FOREST_GATE_DEVELOPMENT_AND_VALIDATION,DIRECT_FUNCTIONAL_MAPPING:2v.80;CONTEXTUAL_FUNCTIONAL_MAPPING:2v.50;2v.60;2v.90,Representative evidence requiring population-wide validation.,PENDING
RF-03-G,Legacy PPO plus Random Forest,CONTEXTUAL_2v.80_2v.90;EXACT_RANGE_NOT_YET_DETERMINED,racoope70/ppo-trading-pipeline,072103f43d8b2488c3efca183f637ab0508a193a,docs/runs/v1.60_legacy_ppo_baseline_reclassification_no_submit_observation_closeout.md,HISTORICAL_HYBRID_BLOCK_DECISION_RECORD,CRITICAL,Establishes that hybrid progression remained blocked pending a qualified base PPO.,Does not establish hybrid rejection on independent model-quality evidence.,VALID_HISTORICAL_BLOCKING_DECISION,v1.65 terminal decision.,Do not proceed to a supervised gate from an unqualified base policy.,Historical reclassification checkpoint.,CARRY_FORWARD,C1_REPORT/LEGACY_PPO_RF_TERMINAL_STATUS,C10_RANDOM_FOREST_GATE_DEVELOPMENT_AND_VALIDATION,CONTEXTUAL_FUNCTIONAL_MAPPING:2v.80;2v.90,Preserves the dependency boundary between base policy and gate.,PENDING
RF-03-H,Legacy PPO plus Random Forest,DIRECT_2v.80;CONTEXTUAL_2v.90;EXACT_RANGE_NOT_YET_DETERMINED,racoope70/ppo-trading-pipeline,072103f43d8b2488c3efca183f637ab0508a193a,docs/decisions/v1.65_legacy_ppo_final_audit_decision.md,FINAL_HISTORICAL_FOUNDATION_AND_HYBRID_DISPOSITION,CRITICAL,Establishes the base PPO failed trading-edge promotion and hybrid work remained blocked.,Does not establish a completed independent hybrid audit or current RF gate status.,VALID_TERMINAL_HISTORICAL_DISPOSITION,Canonical current state for present authorization.,Require independent qualification of each candidate component and explicit no-candidate outcomes.,Historical terminal model disposition.,CARRY_FORWARD,C1_REPORT/LEGACY_PPO_RF_TERMINAL_STATUS,C10_RANDOM_FOREST_GATE_DEVELOPMENT_AND_VALIDATION,DIRECT_FUNCTIONAL_MAPPING:2v.80;CONTEXTUAL_FUNCTIONAL_MAPPING:2v.90,Prevents a historical hybrid from inheriting eligibility from incomplete work.,PENDING
QC-04-A,QuantConnect integration,DIRECT_2v.10;CONTEXTUAL_2v.60_2v.90;EXACT_RANGE_NOT_YET_DETERMINED,racoope70/exploratory-daytrading,2d6f354451515ff07ff6d022ea989ade2bc7574a,PPO_Quantconnect_Converted_.ipynb,EXTERNAL_SIGNAL_QUANTCONNECT_CONSUMER_NOTEBOOK,HIGH,"Implements external-signal polling, payload parsing, expiry checks, target conversion, slippage, and simulated order intent.","Does not establish native PPO inference, strict source-time fidelity, immutable provenance, or paper/live readiness.",HISTORICAL_EXTERNAL_SIGNAL_DESIGN_INPUT,Modular QuantConnect adapter and later replay controls.,Keep signal production separate from consumption and reject stale or future signals.,"Notebook polling, Object Store/Gist assumptions, and simulated execution.",SUMMARIZE_AND_REFERENCE,C1_REPORT/QUANTCONNECT_EXTERNAL_SIGNAL_EVOLUTION,C4_SELECTED_CODE_MIGRATION_ADAPTATION_AND_VERIFICATION,DIRECT_FUNCTIONAL_MAPPING:2v.10;CONTEXTUAL_FUNCTIONAL_MAPPING:2v.60;2v.90,Preserves early integration design without treating it as deployment evidence.,PENDING
QC-04-B,QuantConnect integration,DIRECT_2v.10;EXACT_RANGE_NOT_YET_DETERMINED,racoope70/exploratory-daytrading,2d6f354451515ff07ff6d022ea989ade2bc7574a,clean_scaler_quantconnect.ipynb,HISTORICAL_SCALER_CONVERSION_ATTEMPT,HIGH,Documents an attempt to prepare preprocessing state for QuantConnect use.,"Does not establish a valid trained scaler, exact feature identity, or reproducible preprocessing contract.",OBSOLETE_ARTIFACT_PREPARATION_EXPERIMENT,Canonical feature and preprocessing manifests.,"Preprocessing artifacts require train-only fit, exact feature order, checksums, and source linkage.",Random dummy-scaler conversion and notebook export.,OBSOLETE_OR_SUPERSEDED,C1_REPORT/QUANTCONNECT_ARTIFACT_PREPARATION_FAILURES,C6_DATASET_CONTRACT_FREEZE,DIRECT_FUNCTIONAL_MAPPING:2v.10,Negative artifact-preparation evidence that must not be reused.,PENDING
QC-04-C,QuantConnect integration,DIRECT_2v.10_2v.30;CONTEXTUAL_2v.50_2v.60_2v.90;EXACT_RANGE_NOT_YET_DETERMINED,racoope70/exploratory-daytrading,2d6f354451515ff07ff6d022ea989ade2bc7574a,quantconnect_lightgbm_backtest.ipynb,NATIVE_LEAN_MODEL_BACKTEST_NOTEBOOK,MEDIUM,Implements historical-data access and a native LEAN LightGBM backtest pattern.,"Does not establish dataset validation, temporal hardening, current model eligibility, or deployment readiness.",HISTORICAL_NON_TARGET_INTEGRATION_EXPERIMENT,Current candidate roadmap and canonical validation design.,Retain native-platform integration lessons while separating them from qualification.,Historical QuantConnect backtest notebook.,HISTORICAL_ARCHIVE_ONLY,C1_REPORT/QUANTCONNECT_NATIVE_MODEL_EXPERIMENTS,C13_PUBLICATION_RELEASE,DIRECT_FUNCTIONAL_MAPPING:2v.10;2v.30;CONTEXTUAL_FUNCTIONAL_MAPPING:2v.50;2v.60;2v.90,Alternative integration evidence outside the current model target.,PENDING
QC-04-D,QuantConnect integration,DIRECT_2v.10;CONTEXTUAL_2v.80_2v.90;EXACT_RANGE_NOT_YET_DETERMINED,racoope70/quant-trading-model-validation,0a9c203bc322f6821c04074cb4c28498ab2ab38f,ppo_research_pipeline/GE/GE_PPO_QuantConnect_Prep.ipynb;ppo_research_pipeline/UNH/UNH_PPO_QuantConnect_Prep.ipynb,PPO_QUANTCONNECT_ARTIFACT_AND_SIGNAL_PREPARATION_NOTEBOOKS,HIGH,"Implements historical artifact preparation, inference preparation, JSON signal creation, and Gist-oriented handoff for selected prefixes.","Does not establish candidate selection, immutable cloud identity, native LEAN inference, or paper/live readiness.",HISTORICAL_INTEGRATION_PREPARATION_EVIDENCE,Modular adapter and canonical artifact contracts.,Selected artifacts must be immutable and consumed only after independent qualification.,Notebook artifact copying and Gist publishing.,SUMMARIZE_AND_REFERENCE,C1_REPORT/QUANTCONNECT_PPO_PREPARATION_EVOLUTION,C4_SELECTED_CODE_MIGRATION_ADAPTATION_AND_VERIFICATION;C14_CONTROLLED_PAPER_TRADING,DIRECT_FUNCTIONAL_MAPPING:2v.10;CONTEXTUAL_FUNCTIONAL_MAPPING:2v.80;2v.90,Preserves the handoff design while assigning selection to items 7 and 8.,PENDING
QC-04-E,QuantConnect integration,DIRECT_2v.10;CONTEXTUAL_2v.90;EXACT_RANGE_NOT_YET_DETERMINED,racoope70/ppo-trading-pipeline,072103f43d8b2488c3efca183f637ab0508a193a,src/adapters/quantconnect.py,MODULAR_QUANTCONNECT_SIGNAL_ADAPTER,CRITICAL,Implements modular signal payload serialization and QuantConnect integration boundaries.,"Does not establish cloud deployment, brokerage safety, provider acceptance, or live readiness.",RETAINABLE_ARCHITECTURE_INPUT_REQUIRING_HARDENING,Future canonical C4 signal interface.,"Use versioned deterministic payloads with source timestamps, checksums, and strict expiry.",Historical Gist and Object Store integration assumptions.,CARRY_FORWARD,C1_REPORT/QUANTCONNECT_EXTERNAL_SIGNAL_ARCHITECTURE,C4_SELECTED_CODE_MIGRATION_ADAPTATION_AND_VERIFICATION,DIRECT_FUNCTIONAL_MAPPING:2v.10;CONTEXTUAL_FUNCTIONAL_MAPPING:2v.90,Principal reusable integration boundary without operational acceptance.,PENDING
QC-04-F,QuantConnect integration,DIRECT_2v.10;CONTEXTUAL_2v.60_2v.90;EXACT_RANGE_NOT_YET_DETERMINED,racoope70/ppo-trading-pipeline,072103f43d8b2488c3efca183f637ab0508a193a,quantconnect/ExternalSignalConsumer.py,LEAN_EXTERNAL_SIGNAL_CONSUMER,CRITICAL,"Implements external payload consumption, age checks, and execution-intent translation in LEAN.","Does not establish exact source-time fidelity, same-bar safety, immutable payload identity, or deployment readiness.",RETAINABLE_CONSUMER_DESIGN_REQUIRING_REIMPLEMENTATION,Canonical C4 integration and C14 execution controls.,"Reject stale, future, duplicate, and identity-mismatched signals before any order path.",Historical Object Store and execution assumptions.,CARRY_FORWARD,C1_REPORT/QUANTCONNECT_CONSUMER_CONTROLS,C4_SELECTED_CODE_MIGRATION_ADAPTATION_AND_VERIFICATION;C14_CONTROLLED_PAPER_TRADING,DIRECT_FUNCTIONAL_MAPPING:2v.10;CONTEXTUAL_FUNCTIONAL_MAPPING:2v.60;2v.90,Useful consumer controls with unresolved execution-safety limitations.,PENDING
QC-04-G,QuantConnect integration,DIRECT_2v.10_2v.20;EXACT_RANGE_NOT_YET_DETERMINED,racoope70/ppo-trading-pipeline,072103f43d8b2488c3efca183f637ab0508a193a,src/model_selection/quantconnect_execution_retest.py;tests/test_quantconnect_execution_retest.py;docs/runs/v1.0_quantconnect_execution_path_retest.md,LOCAL_QUANTCONNECT_PAYLOAD_AND_EXECUTION_PARITY_TEST,HIGH,Compares deterministic QuantConnect-style payload and execution intent locally under an offline contract test.,"Does not establish LEAN cloud execution, broker behavior, or economic validity.",VALID_DIRECT_LOCAL_PARITY_EVIDENCE,Future canonical integration contract tests.,Maintain deterministic payload-to-intent parity tests independent of live platforms.,Historical local replay test.,CARRY_FORWARD,C1_REPORT/QUANTCONNECT_EXECUTION_PARITY,C4_SELECTED_CODE_MIGRATION_ADAPTATION_AND_VERIFICATION,DIRECT_FUNCTIONAL_MAPPING:2v.10;2v.20,Accepted direct item-4 unit/contract evidence.,PENDING
QC-04-H,QuantConnect integration,DIRECT_2v.30;CONTEXTUAL_2v.50_2v.60_2v.80_2v.90;EXACT_RANGE_NOT_YET_DETERMINED,racoope70/ppo-trading-pipeline,072103f43d8b2488c3efca183f637ab0508a193a,quantconnect/lean_unh_xom_data_availability_check.py;quantconnect/lean_unh_xom_artifact_loading_test.py;docs/runs/2026-05-10_unh_xom_quantconnect_readiness.md,LEAN_DATA_AVAILABILITY_ARTIFACT_LOADING_AND_READINESS_EVIDENCE,CRITICAL,Directly checks LEAN historical-data availability and records artifact-loading and readiness observations for previously selected prefixes.,"Does not establish dataset validation, candidate selection, native inference, immutable cloud results, or paper/live readiness.",VALID_BOUNDED_INTEGRATION_EVIDENCE_WITH_UNRESOLVED_TECHNICAL_LIMITS,Future canonical C4 verification and C12 selection ownership.,"Separate data availability, artifact loading, candidate selection, and execution readiness.",Historical UNH/XOM readiness and LEAN diagnostics.,SUMMARIZE_AND_REFERENCE,C1_REPORT/QUANTCONNECT_CONTROLLED_TEST_CHAIN,C14_CONTROLLED_PAPER_TRADING,DIRECT_FUNCTIONAL_MAPPING:2v.30;CONTEXTUAL_FUNCTIONAL_MAPPING:2v.50;2v.60;2v.80;2v.90,Includes the owner-preferred direct item-4 readiness reference without altering mappings.,PENDING
QC-04-I,QuantConnect integration,DIRECT_2v.10;CONTEXTUAL_2v.50_2v.60_2v.80_2v.90;EXACT_RANGE_NOT_YET_DETERMINED,racoope70/ppo-trading-pipeline,072103f43d8b2488c3efca183f637ab0508a193a,src/export_dynamic_lean_signals.py;quantconnect/lean_unh_xom_dynamic_signal_backtest.py,DYNAMIC_SIGNAL_EXPORT_AND_LEAN_REPLAY_IMPLEMENTATION,CRITICAL,Implements dynamic external-signal export and LEAN replay for previously selected model prefixes.,"Does not establish dataset validation, selection, source-time fidelity, same-bar safety, immutable cloud results, or deployment readiness.",RETAINABLE_REPLAY_ARCHITECTURE_REQUIRING_HARDENING,Future canonical C4 signal and replay implementation.,"Use immutable decision packages, strict temporal semantics, and independently owned candidate selection.",Historical local export and LEAN replay workflow.,CARRY_FORWARD,C1_REPORT/QUANTCONNECT_DYNAMIC_REPLAY,C4_SELECTED_CODE_MIGRATION_ADAPTATION_AND_VERIFICATION,DIRECT_FUNCTIONAL_MAPPING:2v.10;CONTEXTUAL_FUNCTIONAL_MAPPING:2v.50;2v.60;2v.80;2v.90,Strong integration source evidence with explicit unresolved limitations.,PENDING
ALP-05-A,Alpaca operational reliability,DIRECT_2v.10_2v.30_2v.90;EXACT_RANGE_NOT_YET_DETERMINED,racoope70/exploratory-daytrading,2d6f354451515ff07ff6d022ea989ade2bc7574a,alpaca_execution_adapter.ipynb;alpaca_execution_adapter_v2.ipynb,EXPLORATORY_ALPACA_CLIENT_AND_ORDER_NOTEBOOKS,HIGH,"Records early paper-client construction, account and bar access, an accepted early order, later fill checking, position inspection, and market-clock polling.","Does not establish durable reliability, immutable broker evidence, economic value, or current authorization.",HISTORICAL_OPERATIONAL_EVOLUTION_ONLY,alpaca-py modular adapter and guarded paper workflow.,"Distinguish accepted, filled, reconciled, and flat states; check market clock before execution.","Colab secret upload, fixed-delay loops, and one-share exploratory orders.",SUMMARIZE_AND_REFERENCE,C1_REPORT/ALPACA_ADAPTER_EVOLUTION,C13_PUBLICATION_RELEASE,DIRECT_FUNCTIONAL_MAPPING:2v.10;2v.30;2v.90,Preserves early operational learning without recommending notebook reuse.,PENDING
ALP-05-B,Alpaca operational reliability,DIRECT_2v.10_2v.30_2v.90;EXACT_RANGE_NOT_YET_DETERMINED,racoope70/exploratory-daytrading,2d6f354451515ff07ff6d022ea989ade2bc7574a,ppo_alpaca_paper_trading_v7.ipynb,MONOLITHIC_ALPACA_PPO_OPERATIONAL_NOTEBOOK,CRITICAL,"Implements client separation, bar fallback, stale and same-bar controls, prediction, status polling, reconciliation, exposure controls, and strict flattening concepts.","Does not establish reproducibility, complete fail-closed behavior, economic qualification, or current paper readiness.",SUPERSEDED_IMPLEMENTATION_WITH_RETAINABLE_DESIGN_AND_FAILURE_EVIDENCE,Modular Alpaca adapter and staged paper-trading modules.,"Preserve stale-bar, order-status, reconciliation, and strict-flatten controls.","Colab repair, Drive mounts, manual secrets and artifacts, and monolithic operation.",OBSOLETE_OR_SUPERSEDED,C1_REPORT/ALPACA_MONOLITHIC_OPERATIONAL_FINDINGS,C4_SELECTED_CODE_MIGRATION_ADAPTATION_AND_VERIFICATION,DIRECT_FUNCTIONAL_MAPPING:2v.10;2v.30;2v.90,"Primary design and failure evidence, unsuitable for direct migration.",PENDING
ALP-05-C,Alpaca operational reliability,DIRECT_2v.90;EXACT_RANGE_NOT_YET_DETERMINED,racoope70/quant-trading-model-validation,0a9c203bc322f6821c04074cb4c28498ab2ab38f,validation/paper_trading/phase_1_reliability/README.md;validation/paper_trading/phase_1_reliability/true_alpaca_evaluation_report.txt;validation/paper_trading/phase_1_reliability/run_summary_sample.csv;validation/paper_trading/phase_1_reliability/symbol_order_fill_summary.csv;validation/paper_trading/phase_1_reliability/artifact_symbol_summary.csv,HISTORICAL_BROKER_RELIABILITY_EVIDENCE_PACKAGE,HIGH,"Records one paper-connected run with predictions, submissions, filled-like states, exposure summaries, and reported flattening.","Does not establish authoritative fills, durable reliability, economic value, or immutable provenance for all local run evidence.",VALID_BOUNDED_OPERATIONAL_EVIDENCE_WITH_LOCAL_RUN_PROVENANCE_LIMITS,Later modular operational and policy records.,"Keep order, status, exposure, error, and flatten evidence separate from economic claims.",Historical local and Drive run folders.,SUMMARIZE_AND_REFERENCE,C1_REPORT/ALPACA_PHASE_1_RELIABILITY,C14_CONTROLLED_PAPER_TRADING,DIRECT_FUNCTIONAL_MAPPING:2v.90,"Strong bounded evidence, not proof of durable reliability.",PENDING
ALP-05-D,Alpaca operational reliability,DIRECT_2v.10_2v.30;CONTEXTUAL_2v.90;EXACT_RANGE_NOT_YET_DETERMINED,racoope70/ppo-trading-pipeline,072103f43d8b2488c3efca183f637ab0508a193a,src/paper_trading/paper_trade_dry_run.py;config/paper_trading_six_ticker_manifest.json,NO_ORDER_BROKER_CONNECTED_DRY_RUN_AND_CONFIGURATION,HIGH,"Implements artifact loading, client construction, authenticated account and position inspection, bar retrieval, prediction, target comparison, and no-order output.","Does not establish fail-closed broker-state handling, immutable artifact provenance, paper authorization, or model quality.",RETAINABLE_DESIGN_INPUT_REQUIRING_HARDENING,Later modular implementation and canonical C4 design.,Broker-connected inference must remain separately verifiable without orders.,Historical six-ticker paths and zero-fill feature policy.,CARRY_FORWARD,C1_REPORT/ALPACA_NO_SUBMIT_DRY_RUN_ARCHITECTURE,C4_SELECTED_CODE_MIGRATION_ADAPTATION_AND_VERIFICATION,DIRECT_FUNCTIONAL_MAPPING:2v.10;2v.30;CONTEXTUAL_FUNCTIONAL_MAPPING:2v.90,Establishes the no-submit bridge between artifacts and broker state.,PENDING
ALP-05-E,Alpaca operational reliability,CONTEXTUAL_2v.90;EXACT_RANGE_NOT_YET_DETERMINED,racoope70/ppo-trading-pipeline,072103f43d8b2488c3efca183f637ab0508a193a,docs/workflows/alpaca_paper_trading_integration.md,MODULAR_ALPACA_INTEGRATION_WORKFLOW,CRITICAL,"Documents no-submit-first architecture, paper endpoint checks, risk controls, guarded execution, and audit logging.","Does not establish machine-enforced completeness, current authorization, or paper readiness.",VALID_ARCHITECTURE_INPUT_WITH_HISTORICAL_STATUS_LANGUAGE,Canonical C4 and C14 governance.,"Separate dry run, intent, risk, submission, reconciliation, and evidence.","Historical commands, model identities, and report paths.",CARRY_FORWARD,C1_REPORT/ALPACA_MODULAR_OPERATIONAL_ARCHITECTURE,C4_SELECTED_CODE_MIGRATION_ADAPTATION_AND_VERIFICATION,CONTEXTUAL_FUNCTIONAL_MAPPING:2v.90,Principal workflow input without authorization effect.,PENDING
ALP-05-F,Alpaca operational reliability,DIRECT_2v.30_2v.90;EXACT_RANGE_NOT_YET_DETERMINED,racoope70/ppo-trading-pipeline,072103f43d8b2488c3efca183f637ab0508a193a,docs/runs/v1.9_alpaca_ppo_no_submit_redeployment_dry_run.md;docs/runs/v1.10_controlled_alpaca_paper_order_redeployment_test.md;docs/runs/v1.11_post_order_monitoring_rebalance_verification.md;docs/runs/v1.12_short_monitored_alpaca_paper_trading_session.md,SUPERVISED_ALPACA_OPERATIONAL_RUN_SEQUENCE,CRITICAL,"Records broker-connected no-submit operation, one controlled submit returning an order ID, later AMD position visibility, no open orders, reconciliation, hold behavior, and supervised cycles.","Does not establish explicit broker status, authoritative fills, unattended reliability, profitability, or standing authorization.",VALID_HISTORICAL_OPERATIONAL_SEQUENCE,Later no-submit policy and canonical C14 governance.,"Require fresh evidence, explicit status reconciliation, and repeat-submit safeguards.",Historical one-order submission and short monitored sessions.,SUMMARIZE_AND_REFERENCE,C1_REPORT/ALPACA_CONTROLLED_OPERATIONAL_EVIDENCE,C14_CONTROLLED_PAPER_TRADING,DIRECT_FUNCTIONAL_MAPPING:2v.30;2v.90,Demonstrates a bounded paper path without asserting an unrecorded status.,PENDING
ALP-05-G,Alpaca operational reliability,CONTEXTUAL_2v.90;EXACT_RANGE_NOT_YET_DETERMINED,racoope70/ppo-trading-pipeline,072103f43d8b2488c3efca183f637ab0508a193a,docs/workflows/paper_trading_session_policy.md,HISTORICAL_NO_SUBMIT_OPERATIONAL_POLICY,CRITICAL,"Defines terminal no-submit discipline, fresh-data requirements, broker checks, unattended-operation prohibition, and hard-stop conditions.",Does not establish current canonical authorization or completed C14 readiness.,VALID_DURABLE_SAFETY_INPUT_WITH_NO_CANONICAL_AUTHORIZATION_EFFECT,Canonical C14 entry and authorization governance where different.,"Stop on stale data, broker errors, unexpected orders, failed checks, or unclear plans.",Historical commands and account assumptions.,CARRY_FORWARD,C1_REPORT/ALPACA_OPERATIONAL_POLICY_LESSONS,C14_CONTROLLED_PAPER_TRADING,CONTEXTUAL_FUNCTIONAL_MAPPING:2v.90,Preserves safety discipline without authorizing execution.,PENDING
ALP-05-H,Alpaca operational reliability,DIRECT_2v.30;EXACT_RANGE_NOT_YET_DETERMINED,racoope70/ppo-trading-pipeline,072103f43d8b2488c3efca183f637ab0508a193a,docs/workflows/alpaca_historical_data_loader.md;docs/runs/v3.08_data_fetch_execution.md,ALPACA_HISTORICAL_DATA_OPERATIONAL_EVIDENCE,HIGH,"Records client and request construction, UTC window, explicit IEX and RAW settings, ascending order, successful six-symbol fetch, counts, and normalized output.","Does not establish provider acceptance, SIP entitlement, dataset acceptance, model quality, or future API reliability.",VALID_PROVIDER_BOUNDARY_AND_CLIENT_OPERATION_EVIDENCE,Future canonical C5 provider and calendar decisions.,"Record feed, adjustment, ordering, request boundaries, credential policy, checksum, and schema.",Historical v3.08 request window and output identity.,SUMMARIZE_AND_REFERENCE,INVENTORY_ITEM_13_PROVIDER_AND_ACCESS_EVIDENCE,C5_DATA_SOURCE_CALENDAR_AND_INITIAL_UNIVERSE_DECISION,DIRECT_FUNCTIONAL_MAPPING:2v.30,Material client evidence requiring provider-boundary consolidation.,PENDING
ALP-05-I,Alpaca operational reliability,DIRECT_2v.10;CONTEXTUAL_2v.30;EXACT_RANGE_NOT_YET_DETERMINED,racoope70/ppo-trading-pipeline,072103f43d8b2488c3efca183f637ab0508a193a,docs/runs/v3.08_data_fetch_execution_remediation_alpaca_sort_import.md,ALPACA_SDK_COMPATIBILITY_INCIDENT_AND_REMEDIATION,HIGH,Records a concrete SDK import-path incompatibility and a verified narrow correction without changing the request contract.,Does not establish general package compatibility or future SDK stability.,VALID_COMPATIBILITY_LESSON,Future frozen canonical dependency environment.,Pin and test SDK import surfaces and request construction before authorized access.,Narrow historical Sort enum import repair.,SUMMARIZE_AND_REFERENCE,INVENTORY_ITEM_14_PYTHON_AND_ALPACA_ENVIRONMENT,C3_PYTHON_ENVIRONMENT_AND_DEPENDENCY_RECONSTRUCTION,DIRECT_FUNCTIONAL_MAPPING:2v.10;CONTEXTUAL_FUNCTIONAL_MAPPING:2v.30,Material operational incident primarily relevant to environment reconstruction.,PENDING
MIG-06-A,Modular VS Code migration,NO_DIRECT_FUNCTIONAL_2v_MAPPING;EXACT_RANGE_NOT_YET_DETERMINED,racoope70/quant-trading-model-validation,0a9c203bc322f6821c04074cb4c28498ab2ab38f,README.md,MODULAR_REPOSITORY_ORIENTATION,CRITICAL,"Describes intended Colab-to-local architecture, module responsibilities, repository layout, generated-directory policy, CLI surface, and adapter boundaries.","Does not establish migration start or completion, exact lineage, parity, clean execution, model validity, or authorization.",VALID_ARCHITECTURE_ORIENTATION_WITH_HISTORICAL_STATUS_LANGUAGE,Canonical C1 through C4 governance.,Preserve explicit package responsibilities and distinguish component presence from acceptance.,Historical setup and blocked command examples.,SUMMARIZE_AND_REFERENCE,C1_REPORT/MODULAR_MIGRATION_ARCHITECTURE,C2_CANONICAL_REPOSITORY_SKELETON_AND_MIGRATION_PREPARATION,NO_DIRECT_FUNCTIONAL_2v_MAPPING,Primary concise description of the intended modular conversion.,PENDING
MIG-06-B,Modular VS Code migration,NO_DIRECT_FUNCTIONAL_2v_MAPPING;EXACT_RANGE_NOT_YET_DETERMINED,racoope70/ppo-trading-pipeline,072103f43d8b2488c3efca183f637ab0508a193a,README.md,HISTORICAL_MODULAR_PIPELINE_ORIENTATION_COMMIT,HIGH,Records a point when the repository documented the modular source tree as present.,"Does not establish beginning, completion, correctness, or file-level migration lineage.",VALID_ORIENTATION_POINT_ONLY,Later README and governance records.,Do not infer implementation chronology from one documentation commit.,Historical production-oriented wording and execution commands.,SUMMARIZE_AND_REFERENCE,C1_REPORT/MODULAR_MIGRATION_CHRONOLOGY,C2_CANONICAL_REPOSITORY_SKELETON_AND_MIGRATION_PREPARATION,NO_DIRECT_FUNCTIONAL_2v_MAPPING,Useful chronology anchor with limited evidentiary effect.,PENDING
MIG-06-C,Modular VS Code migration,DIRECT_2v.10;EXACT_RANGE_NOT_YET_DETERMINED,racoope70/exploratory-daytrading,2d6f354451515ff07ff6d022ea989ade2bc7574a,exploratory-results/promoted-to-validation/ppo-model-2024-09/ppo_multi_stock_training_pipeline.py,COLAB_GENERATED_MONOLITHIC_ANTECEDENT,CRITICAL,"Contains notebook-era data, feature, configuration, split, training, and persistence responsibilities from which modular responsibilities were drawn.","Does not establish exact one-to-one module lineage, environment reconstruction, or behavioral parity.",HISTORICAL_SOURCE_ANTECEDENT_ONLY,Modular source tree and later governance.,Preserve attribution while excluding notebook environment and storage assumptions.,"Colab installs, CUDA mutation, Drive mounts, globals, and Drive output.",HISTORICAL_ARCHIVE_ONLY,C1_REPORT/MODULAR_MIGRATION_SOURCE_ANTECEDENTS,C13_PUBLICATION_RELEASE,DIRECT_FUNCTIONAL_MAPPING:2v.10,Immutable source context unsuitable for execution or direct migration.,PENDING
MIG-06-D,Modular VS Code migration,DIRECT_2v.10;EXACT_RANGE_NOT_YET_DETERMINED,racoope70/quant-trading-model-validation,0a9c203bc322f6821c04074cb4c28498ab2ab38f,ppo_research_pipeline/ppo_multi_stock_training_pipeline.py,VALIDATION_REPOSITORY_MONOLITHIC_ANTECEDENT,CRITICAL,"Contains directly comparable downloader, feature, configuration, split, model, and output responsibilities.",Does not establish accepted parity with modular files or correctness of inherited behavior.,HISTORICAL_SOURCE_ANTECEDENT_ONLY,Modular implementation and later hardening.,Use immutable antecedents for attribution but require independent parity tests.,Colab environment reconstruction and Drive storage.,SUMMARIZE_AND_REFERENCE,C1_REPORT/MODULAR_MIGRATION_SOURCE_ANTECEDENTS,C13_PUBLICATION_RELEASE,DIRECT_FUNCTIONAL_MAPPING:2v.10,Strong functional lineage evidence without a complete migration ledger.,PENDING
MIG-06-E,Modular VS Code migration,DIRECT_2v.10;EXACT_RANGE_NOT_YET_DETERMINED,racoope70/ppo-trading-pipeline,072103f43d8b2488c3efca183f637ab0508a193a,src/__init__.py;src/adapters/__init__.py;src/paths.py;.gitignore,MODULAR_PACKAGE_AND_PATH_SKELETON,CRITICAL,"Establishes Python and adapter namespaces, repository-relative paths, local directories, and generated-output exclusions.","Does not establish safe imports, installable packaging, artifact reproducibility, or complete portability.",RETAINABLE_ARCHITECTURE_WITH_IMPORT_SIDE_EFFECT,Future canonical C2 skeleton and path contract.,Centralize paths but require explicit initialization rather than import-time writes.,Compatibility directory for older artifacts.,CARRY_FORWARD,C1_REPORT/CANONICAL_PACKAGE_SKELETON_INPUTS,C2_CANONICAL_REPOSITORY_SKELETON_AND_MIGRATION_PREPARATION,DIRECT_FUNCTIONAL_MAPPING:2v.10,Strong skeleton input requiring controlled redesign.,PENDING
MIG-06-F,Modular VS Code migration,DIRECT_2v.10;EXACT_RANGE_NOT_YET_DETERMINED,racoope70/ppo-trading-pipeline,072103f43d8b2488c3efca183f637ab0508a193a,src/data_download.py;src/prepare_data.py;src/features.py;src/env.py,MODULAR_DATA_FEATURE_AND_ENVIRONMENT_IMPLEMENTATION,CRITICAL,"Separates acquisition, preparation, feature computation, labels, splitting, and trading-environment mechanics.","Does not establish provider acceptance, causal feature validity, notebook parity, dataset acceptance, or reward correctness.",RETAINABLE_RESPONSIBILITY_SEPARATION_REQUIRING_VERIFICATION,Future canonical C4 implementations and frozen data contracts.,"Keep data, features, labels, environment, and model responsibilities independently testable.","Historical provider, feature, and reward assumptions.",CARRY_FORWARD,C1_REPORT/MODULAR_DATA_FEATURE_ENVIRONMENT_SEPARATION,C4_SELECTED_CODE_MIGRATION_ADAPTATION_AND_VERIFICATION,DIRECT_FUNCTIONAL_MAPPING:2v.10,Reusable responsibility boundaries requiring adaptation and tests.,PENDING
MIG-06-G,Modular VS Code migration,DIRECT_2v.10;EXACT_RANGE_NOT_YET_DETERMINED,racoope70/ppo-trading-pipeline,072103f43d8b2488c3efca183f637ab0508a193a,src/artifacts.py;src/train.py;src/predict.py,MODULAR_MODEL_LIFECYCLE_IMPLEMENTATION,CRITICAL,"Establishes artifact conventions, training orchestration, evaluation output, model ranking, artifact loading, and latest-prediction design.","Does not establish qualified training, valid selection, immutable artifact provenance, feature parity, or deployment readiness.",MIXED_REUSABLE_ARCHITECTURE_AND_SUPERSEDED_LOGIC,Future canonical C4 and C8 implementations.,Separate reusable lifecycle interfaces from superseded ranking and mutable latest conventions.,"Historical best-Sharpe ranking, local artifacts, and mutable latest outputs.",SUMMARIZE_AND_REFERENCE,C1_REPORT/MODULAR_MODEL_LIFECYCLE_FINDINGS,C4_SELECTED_CODE_MIGRATION_ADAPTATION_AND_VERIFICATION,DIRECT_FUNCTIONAL_MAPPING:2v.10,Mixed architecture and superseded logic require selective reimplementation.,PENDING
MIG-06-H,Modular VS Code migration,DIRECT_2v.10;EXACT_RANGE_NOT_YET_DETERMINED,racoope70/ppo-trading-pipeline,072103f43d8b2488c3efca183f637ab0508a193a,src/feature_manifest.py;src/training_splits.py;src/vecnormalize_utils.py,POST_MIGRATION_LEAKAGE_AND_CONTRACT_HARDENING,CRITICAL,"Implements forbidden-feature rules, chronological train/embargo/eval boundaries, and train-only normalization-stat copying.","Does not establish correct propagation by every caller, frozen dataset identity, or complete parity.",VALID_DURABLE_HARDENING_INPUT_REQUIRING_INTEGRATION_TESTS,Future canonical C4 and C8 hardening.,"Require safe-feature manifests, enforced embargo, and locked evaluation normalization.",Historical integration and caller propagation assumptions.,CARRY_FORWARD,C1_REPORT/MODULAR_HARDENING_CONTROLS,C4_SELECTED_CODE_MIGRATION_ADAPTATION_AND_VERIFICATION,DIRECT_FUNCTIONAL_MAPPING:2v.10,Material hardening source whose caller behavior still requires verification.,PENDING
MIG-06-I,Modular VS Code migration,DIRECT_2v.20;CONTEXTUAL_2v.10;EXACT_RANGE_NOT_YET_DETERMINED,racoope70/ppo-trading-pipeline,072103f43d8b2488c3efca183f637ab0508a193a,pytest.ini;tests/test_cli_utils.py;tests/test_paper_trading_artifact_manifest.py;.github/workflows/tests.yml;docs/runs/2026-05-13_reproducibility_cli_improvements.md;docs/runs/v3.08_mocked_unit_contract_testing.md,TEST_CI_AND_REPRODUCIBILITY_EVIDENCE,HIGH,"Establishes test discovery, lightweight CI, mocked contract testing, CLI controls, run-directory controls, and selected manifest validation.","Does not establish full notebook parity, complete dependency reconstruction, all-platform compatibility, or full-suite offline isolation.",RETAINABLE_TESTING_ARCHITECTURE_WITH_COVERAGE_GAPS,Future canonical C3 environment and CI contract.,"CI must install the same locked environment and include parity, contract, and side-effect tests.",Historical absolute local virtual-environment path.,CARRY_FORWARD,C1_REPORT/MODULAR_TEST_AND_CI_ASSESSMENT,C3_PYTHON_ENVIRONMENT_AND_DEPENDENCY_RECONSTRUCTION,DIRECT_FUNCTIONAL_MAPPING:2v.20;CONTEXTUAL_FUNCTIONAL_MAPPING:2v.10,Material reproducibility evidence requiring canonical environment alignment.,PENDING
MIG-06-J,Modular VS Code migration,DIRECT_2v.10;EXACT_RANGE_NOT_YET_DETERMINED,racoope70/ppo-trading-pipeline,072103f43d8b2488c3efca183f637ab0508a193a,src/adapters/quantconnect.py;src/adapters/alpaca.py,MODULAR_EXECUTION_ADAPTER_BOUNDARIES,HIGH,Separates signal export and broker utility behavior from core PPO training.,"Does not establish current provider compatibility, broker safety, authenticated access authorization, paper readiness, or live readiness.",RETAINABLE_ARCHITECTURE_INPUT_REQUIRING_HARDENING,Future C4 adapter implementation and separately gated operational phases.,Keep provider and broker adapters behind explicit interfaces with no import-time clients or network activity.,Gist publishing and historical paper smoke-test commands.,CARRY_FORWARD,C1_REPORT/MODULAR_ADAPTER_BOUNDARIES,C4_SELECTED_CODE_MIGRATION_ADAPTATION_AND_VERIFICATION,DIRECT_FUNCTIONAL_MAPPING:2v.10,Useful responsibility boundaries without operational acceptance.,PENDING
AUD-07-A,Legacy artifact inventory and model-quality audit,CONTEXTUAL_2v.80_2v.90;EXACT_RANGE_NOT_YET_DETERMINED,racoope70/ppo-trading-pipeline,072103f43d8b2488c3efca183f637ab0508a193a,docs/runs/v1.60_legacy_ppo_baseline_reclassification_no_submit_observation_closeout.md,LEGACY_BASELINE_RECLASSIFICATION,CRITICAL,Reclassifies the baseline as an infrastructure fixture and records that recurrence did not establish stability or trading edge.,"Does not establish artifact completeness, model quality, immutable provenance, or current canonical status.",VALID_HISTORICAL_CLASSIFICATION_INPUT,docs/decisions/v1.65_legacy_ppo_final_audit_decision.md,Separate infrastructure operability from trading-edge claims.,Historical v1.47 through v1.59 no-submit observation chain.,SUMMARIZE_AND_REFERENCE,C1_REPORT/LEGACY_ARTIFACT_AUDIT_CHRONOLOGY,C13_PUBLICATION_RELEASE,CONTEXTUAL_FUNCTIONAL_MAPPING:2v.80;2v.90,Necessary chronology and negative-result context without full migration.,PENDING
AUD-07-B,Legacy artifact inventory and model-quality audit,CONTEXTUAL_2v.80_2v.90;EXACT_RANGE_NOT_YET_DETERMINED,racoope70/ppo-trading-pipeline,072103f43d8b2488c3efca183f637ab0508a193a,docs/runs/v1.61_ppo_baseline_model_quality_audit_scope.md,MODEL_QUALITY_AUDIT_SCOPE,CRITICAL,"Defines pre-inventory audit questions, required fields, report fields, decision categories, and initial promotion guardrails.","Does not establish a completed audit, frozen acceptance standard, artifact provenance, or model qualification.",VALID_DESIGN_INPUT_WITH_LATER_STANDARD_SUPERSESSION,docs/standards/v1.64_ppo_promotion_standard_acceptance_criteria.md,"Define audit population, evidence, metrics, exclusions, and terminal outcomes before interpretation.",Historical v1.61 audit-scope procedure.,CARRY_FORWARD,C1_REPORT/LEGACY_MODEL_QUALITY_AUDIT_SCOPE,C9_PPO_V2_TRAINING_VALIDATION_QUALIFICATION_AND_FREEZE,CONTEXTUAL_FUNCTIONAL_MAPPING:2v.80;2v.90,Reusable audit design input superseded by the later standard where different.,PENDING
AUD-07-C,Legacy artifact inventory and model-quality audit,DIRECT_2v.80;CONTEXTUAL_2v.90;EXACT_RANGE_NOT_YET_DETERMINED,racoope70/ppo-trading-pipeline,072103f43d8b2488c3efca183f637ab0508a193a,docs/runs/v1.62_ppo_baseline_artifact_inventory.md;docs/audits/v1.62_ppo_baseline_artifact_inventory.csv;docs/audits/v1.62_ppo_baseline_artifact_inventory_summary.md,LOCAL_ARTIFACT_INVENTORY_PACKAGE,CRITICAL,"Commits a 120-row local existence inventory, 18 five-file complete sets, 102 incomplete rows, and six-symbol coverage.","Does not establish Git provenance of artifact bytes, checksums, duplicate reconciliation, temporal validity, or trading edge.",VALID_COMMITTED_INVENTORY_WITH_PROVENANCE_LIMITS,v1.63 audit for model-quality interpretation.,"Separate artifact completeness, immutable provenance, and economic qualification.",Historical local filesystem inventory.,SUMMARIZE_AND_REFERENCE,C1_REPORT/LEGACY_ARTIFACT_INVENTORY_AND_PROVENANCE,C8_PPO_V2_IMPLEMENTATION_READINESS,DIRECT_FUNCTIONAL_MAPPING:2v.80;CONTEXTUAL_FUNCTIONAL_MAPPING:2v.90,Material inventory package whose local-byte provenance remains unresolved.,PENDING
AUD-07-D,Legacy artifact inventory and model-quality audit,CONTEXTUAL_2v.80_2v.90;EXACT_RANGE_NOT_YET_DETERMINED,racoope70/ppo-trading-pipeline,072103f43d8b2488c3efca183f637ab0508a193a,docs/runs/v1.63_ppo_baseline_model_quality_audit_report.md;docs/audits/v1.63_ppo_baseline_model_quality_audit_report.csv;docs/audits/v1.63_ppo_baseline_model_quality_audit_summary.md,LEGACY_MODEL_QUALITY_AUDIT_PACKAGE,CRITICAL,"Establishes the 18-row denominator, mixed benchmarks, negative median benchmark-relative result, instability, infrastructure pass, trading-edge failure, and controlled-submit rejection.","Does not establish quality of excluded rows, proper out-of-sample validity, verified costs, turnover, evaluation dates, or immutable metric provenance.",VALID_SUPERSEDING_HISTORICAL_AUDIT,Future canonical qualification package under frozen criteria.,Identify the quality denominator and distinguish unavailable rows from quality failures.,Local model_info-derived metrics and manual no-submit narrative linkage.,CARRY_FORWARD,C1_REPORT/LEGACY_MODEL_QUALITY_AUDIT,C9_PPO_V2_TRAINING_VALIDATION_QUALIFICATION_AND_FREEZE,CONTEXTUAL_FUNCTIONAL_MAPPING:2v.80;2v.90,Final historical quality evidence and negative result relevant to future qualification.,PENDING
AUD-07-E,Legacy artifact inventory and model-quality audit,CONTEXTUAL_2v.80_2v.90;EXACT_RANGE_NOT_YET_DETERMINED,racoope70/ppo-trading-pipeline,072103f43d8b2488c3efca183f637ab0508a193a,docs/runs/v1.64_ppo_promotion_standard_acceptance_criteria.md;docs/standards/v1.64_ppo_promotion_standard_acceptance_criteria.md,HISTORICAL_MODEL_PROMOTION_STANDARD,CRITICAL,"Defines a benchmark-aware, artifact-aware, stability-aware promotion framework and explicit rejection criteria.","Does not establish a pre-registered v1.63 standard, shared-final-holdout governance, candidate freeze, or current canonical rules.",VALID_HISTORICAL_STANDARD_REQUIRING_CANONICAL_RECONCILIATION,Future canonical C9 and C12 qualification and promotion contracts.,"Freeze acceptance criteria before evaluation and require benchmark-relative, cost-aware, stable evidence.",Legacy five-level naming and paper-transition milestone structure.,CARRY_FORWARD,C1_REPORT/MODEL_QUALIFICATION_AND_PROMOTION_CONTROLS,C12_ELIGIBLE_CANDIDATE_FREEZE_SHARED_FINAL_HOLDOUT_AND_PROMOTION_DECISION,CONTEXTUAL_FUNCTIONAL_MAPPING:2v.80;2v.90,Strong conservative promotion control requiring shared-holdout adaptation.,PENDING
AUD-07-F,Legacy artifact inventory and model-quality audit,DIRECT_2v.80_2v.90;EXACT_RANGE_NOT_YET_DETERMINED,racoope70/ppo-trading-pipeline,072103f43d8b2488c3efca183f637ab0508a193a,docs/runs/v1.65_legacy_ppo_final_audit_decision.md;docs/decisions/v1.65_legacy_ppo_final_audit_decision.md,TERMINAL_LEGACY_MODEL_DISPOSITION,CRITICAL,"Establishes infrastructure-fixture-only status, offline-quality failure, trading-edge failure, controlled-submit rejection, hybrid blocking, and rejection of legacy retraining.","Does not establish current canonical authorization, current eligibility, or permission to execute historical PPO v2 design.",VALID_TERMINAL_HISTORICAL_DISPOSITION,Canonical PROJECT_CONTEXT.md for current state and authorization.,Every historical audit must end with an explicit terminal disposition and boundary.,Historical v1.66 design-only transition.,CARRY_FORWARD,C1_REPORT/TERMINAL_LEGACY_MODEL_DISPOSITIONS,C13_PUBLICATION_RELEASE,DIRECT_FUNCTIONAL_MAPPING:2v.80;2v.90,Final negative-result evidence required for accurate publication.,PENDING
HOLD-08-A,Final holdout and candidate selection,CONTEXTUAL_2v.80;EXACT_RANGE_NOT_YET_DETERMINED,racoope70/ppo-trading-pipeline,072103f43d8b2488c3efca183f637ab0508a193a,docs/workflows/alpaca_ppo_retraining_configuration.md;docs/runs/v1.8.4_alpaca_ppo_retrain_smoke_test.md,HISTORICAL_RETRAINING_AND_CANDIDATE_POOL_EVIDENCE,HIGH,"Records six-symbol retraining design, configuration, one smoke-training run with 120 windows, and top-three-per-symbol pool intent.","Does not establish candidate freeze, economic qualification, or an untouched final evaluation.",VALID_HISTORICAL_POOL_FORMATION_EVIDENCE,Future C9 qualification and freeze process.,"Separate training output, qualification, candidate freeze, and final holdout.",Historical top-three-per-symbol candidate-pool formation.,SUMMARIZE_AND_REFERENCE,C1_REPORT/HISTORICAL_CANDIDATE_POOL_FORMATION,C9_PPO_V2_TRAINING_VALIDATION_QUALIFICATION_AND_FREEZE,CONTEXTUAL_FUNCTIONAL_MAPPING:2v.80,Provides pool antecedent without assigning retraining ownership to item 8.,PENDING
HOLD-08-B,Final holdout and candidate selection,DIRECT_2v.10_2v.20;CONTEXTUAL_2v.80;EXACT_RANGE_NOT_YET_DETERMINED,racoope70/ppo-trading-pipeline,238d39154e9a397c09a29c7b8d14766175fad9f7,docs/workflows/alpaca_ppo_final_holdout_validation.md;src/alpaca_ppo_holdout_validation.py;tests/test_alpaca_ppo_holdout_validation.py,HISTORICAL_HOLDOUT_DESIGN_IMPLEMENTATION_AND_TEST_PACKAGE,CRITICAL,"Implements later-than-global-EvalEnd slicing, candidate derivation, model and VecNormalize loading, permissive pass/fail logic, result contracts, and offline synthetic tests.","Does not establish candidate freeze, one-time access, immutable data/artifact identity, unbiased selection, or current C12 compliance.",VALID_HISTORICAL_IMPLEMENTATION_WITH_SUPERSEDED_GOVERNANCE,Future shared final-holdout implementation and access ledger.,Keep final holdout inaccessible until all candidate families are frozen.,Historical standalone-PPO holdout evaluator and synthetic tests.,SUMMARIZE_AND_REFERENCE,C1_REPORT/HISTORICAL_HOLDOUT_IMPLEMENTATION,C12_ELIGIBLE_CANDIDATE_FREEZE_SHARED_FINAL_HOLDOUT_AND_PROMOTION_DECISION,DIRECT_FUNCTIONAL_MAPPING:2v.10;2v.20;CONTEXTUAL_FUNCTIONAL_MAPPING:2v.80,Important implementation evidence whose sequencing is superseded.,PENDING
HOLD-08-C,Final holdout and candidate selection,DIRECT_2v.80;EXACT_RANGE_NOT_YET_DETERMINED,racoope70/ppo-trading-pipeline,072103f43d8b2488c3efca183f637ab0508a193a,docs/runs/v1.8.5_final_holdout_validation.md,HISTORICAL_HOLDOUT_EXECUTION_NARRATIVE,CRITICAL,"Records 18 candidates evaluated after global EvalEnd, all passing permissive thresholds, negative Sharpe allowed, and best holdout candidate identified.","Does not establish referenced result bytes, exact data and artifacts, one-time access, absence of reruns, immutable thresholds, economic qualification, or unbiased winner performance.",VALID_COMMITTED_NARRATIVE_RESULT_WITH_UNCOMMITTED_RESULT_PACKAGE,Later v1.65 terminal decision and future C12 evidence.,"Commit checksummed machine-readable results and separate technical pass, economic qualification, selection, and final evaluation.",Historical permissive thresholds and manual best-candidate interpretation.,SUMMARIZE_AND_REFERENCE,C1_REPORT/HISTORICAL_HOLDOUT_RESULT,C13_PUBLICATION_RELEASE,DIRECT_FUNCTIONAL_MAPPING:2v.80,Necessary negative-result and methodological evidence.,PENDING
HOLD-08-D,Final holdout and candidate selection,DIRECT_2v.10_2v.20_2v.80;EXACT_RANGE_NOT_YET_DETERMINED,racoope70/ppo-trading-pipeline,072103f43d8b2488c3efca183f637ab0508a193a,docs/workflows/alpaca_ppo_candidate_selection_redeployment.md;src/model_selection/select_alpaca_ppo_candidates.py;tests/test_select_alpaca_ppo_candidates.py,HISTORICAL_HOLDOUT_BASED_SELECTOR_AND_OFFLINE_TESTS,CRITICAL,"Implements deterministic eligibility filtering, promotion scoring, one-per-symbol ranking, artifact checks, manifest construction, and offline synthetic tests.","Does not establish unbiased final evaluation because the same holdout filtered, ranked, and selected candidates.",OBSOLETE_RELATIVE_TO_SHARED_FINAL_HOLDOUT_SEQUENCE,Future C9 pre-final qualification and C12 frozen promotion process.,Do not use the shared final holdout for filtering or ranking.,Historical holdout-based selector.,OBSOLETE_OR_SUPERSEDED,C1_REPORT/HISTORICAL_SELECTION_BIAS_AND_REDESIGN,C12_ELIGIBLE_CANDIDATE_FREEZE_SHARED_FINAL_HOLDOUT_AND_PROMOTION_DECISION,DIRECT_FUNCTIONAL_MAPPING:2v.10;2v.20;2v.80,Preserves selector logic and the core selection-bias lesson.,PENDING
HOLD-08-E,Final holdout and candidate selection,DIRECT_2v.80;EXACT_RANGE_NOT_YET_DETERMINED,racoope70/ppo-trading-pipeline,072103f43d8b2488c3efca183f637ab0508a193a,docs/runs/v1.9_alpaca_ppo_candidate_selection.md,HISTORICAL_ONE_PER_SYMBOL_SELECTION_RESULT,CRITICAL,Records one selected candidate per symbol from the 18-candidate pool and the historical selection result.,"Does not establish a separate post-selection untouched evaluation, economic qualification, or current eligibility.",VALID_HISTORICAL_SELECTION_RECORD_SUPERSEDED_BY_TERMINAL_AUDIT,docs/decisions/v1.65_legacy_ppo_final_audit_decision.md,Retain exact selection outcomes while preserving later terminal rejection.,Historical one-per-symbol selection.,SUMMARIZE_AND_REFERENCE,C1_REPORT/HISTORICAL_CANDIDATE_SELECTION_RESULT,C12_ELIGIBLE_CANDIDATE_FREEZE_SHARED_FINAL_HOLDOUT_AND_PROMOTION_DECISION,DIRECT_FUNCTIONAL_MAPPING:2v.80,Material selected-candidate record that was later superseded.,PENDING
HOLD-08-F,Final holdout and candidate selection,DIRECT_2v.80;CONTEXTUAL_2v.90;EXACT_RANGE_NOT_YET_DETERMINED,racoope70/ppo-trading-pipeline,072103f43d8b2488c3efca183f637ab0508a193a,config/paper_trading_six_ticker_manifest.json,HISTORICAL_SELECTION_AND_HANDOFF_MANIFEST,HIGH,"Commits six-symbol prefix mapping, candidate counts, selection method, holdout-start assertion, and no-submit paper defaults.","Does not establish immutable artifact bytes, unbiased selection, paper authority, or economic qualification.",VALID_HISTORICAL_HANDOFF_MANIFEST_WITH_PROVENANCE_LIMITS,v1.65 decision and future canonical manifests.,"Selection manifests require immutable candidate, artifact, data, and decision identity.",Historical selected-model handoff configuration.,SUMMARIZE_AND_REFERENCE,C1_REPORT/HISTORICAL_SELECTION_HANDOFF,C12_ELIGIBLE_CANDIDATE_FREEZE_SHARED_FINAL_HOLDOUT_AND_PROMOTION_DECISION,DIRECT_FUNCTIONAL_MAPPING:2v.80;CONTEXTUAL_FUNCTIONAL_MAPPING:2v.90,Preserves the committed handoff identity without treating defaults as authorization.,PENDING
HOLD-08-G,Final holdout and candidate selection,DIRECT_2v.90;EXACT_RANGE_NOT_YET_DETERMINED,racoope70/ppo-trading-pipeline,072103f43d8b2488c3efca183f637ab0508a193a,docs/runs/v1.9_alpaca_ppo_no_submit_redeployment_dry_run.md,HISTORICAL_SELECTED_MANIFEST_NO_SUBMIT_HANDOFF,HIGH,"Records six successful broker-connected predictions, reviewed execution plan, passing risk and checklist summaries, and zero orders.","Does not establish paper-submit authorization, economic qualification, or immutable generated evidence bytes.",VALID_HISTORICAL_SELECTION_EFFECT_EVIDENCE_ONLY,Later paper records and v1.65 terminal decision.,A selection handoff must remain no-submit until separately authorized.,Historical selected-manifest no-submit run.,SUMMARIZE_AND_REFERENCE,C1_REPORT/HISTORICAL_SELECTED_CANDIDATE_HANDOFF,C14_CONTROLLED_PAPER_TRADING,DIRECT_FUNCTIONAL_MAPPING:2v.90,Shows downstream use without converting selection into promotion.,PENDING
HOLD-08-H,Final holdout and candidate selection,DIRECT_2v.80_2v.90;EXACT_RANGE_NOT_YET_DETERMINED,racoope70/ppo-trading-pipeline,072103f43d8b2488c3efca183f637ab0508a193a,docs/decisions/v1.65_legacy_ppo_final_audit_decision.md,TERMINAL_SUPERSEDING_MODEL_DISPOSITION,CRITICAL,"Establishes infrastructure-fixture-only status, offline-quality and trading-edge failure, controlled-submit rejection, paper/live prohibition, and hybrid blocking.",Does not establish current authorization or permission to execute any historical model.,VALID_TERMINAL_HISTORICAL_DISPOSITION,Canonical PROJECT_CONTEXT.md for current authorization and state.,Every selection chain must end with an explicit terminal disposition capable of rejecting all candidates.,Historical legacy-PPO and hybrid disposition.,CARRY_FORWARD,C1_REPORT/TERMINAL_HISTORICAL_MODEL_DISPOSITIONS,C13_PUBLICATION_RELEASE,DIRECT_FUNCTIONAL_MAPPING:2v.80;2v.90,Essential supersession evidence preventing historical selection from becoming current eligibility.,PENDING
E9-01,Paper-trading and execution safety,DIRECT_2v.90;EXACT_RANGE_NOT_YET_DETERMINED,racoope70/ppo-trading-pipeline,072103f43d8b2488c3efca183f637ab0508a193a,docs/workflows/paper_trading_session_policy.md;docs/runs/v1.60_legacy_ppo_baseline_reclassification_no_submit_observation_closeout.md;docs/decisions/v1.65_legacy_ppo_final_audit_decision.md,TERMINAL_POLICY_AND_DECISION_CHAIN,CRITICAL,"Establishes the final historical no-submit posture, infrastructure-fixture classification, and rejection of controlled paper and live use.",Does not establish current canonical authorization or candidate eligibility.,VALID_TERMINAL_HISTORICAL_POLICY_AND_DISPOSITION,Canonical C14 entry governance for future paper activity.,"Paper activity requires separate authorization, a qualified frozen candidate, and explicit terminal disposition.",Historical no-submit reclassification and closure.,CARRY_FORWARD,C1_REPORT/PAPER_POLICY_AND_TERMINAL_DISPOSITION,C14_CONTROLLED_PAPER_TRADING;C13_PUBLICATION_RELEASE,DIRECT_FUNCTIONAL_MAPPING:2v.90,Durable policy boundary and negative terminal outcome.,PENDING
E9-02,Paper-trading and execution safety,DIRECT_2v.10_2v.20;EXACT_RANGE_NOT_YET_DETERMINED,racoope70/ppo-trading-pipeline,072103f43d8b2488c3efca183f637ab0508a193a,src/paper_trading/execution.py;src/paper_trading/build_execution_plan.py;src/paper_trading/risk_controls.py;src/paper_trading/paper_trade_loop.py;src/paper_trading/pre_trade_checklist.py;src/paper_trading/filter_execution_plan.py;src/paper_trading/logging_utils.py;tests/test_paper_trade_loop.py;tests/test_paper_trading_risk_controls.py;tests/test_paper_trading_pre_trade_checklist.py;tests/test_filter_execution_plan.py,SOURCE_AND_OFFLINE_TEST_EVIDENCE,CRITICAL,"Implements no-submit defaults, intent and plan construction, risk checks, filtering, logging schemas, and tested guard behavior.","Does not establish production safety, fail-closed broker handling, idempotency, complete order lifecycle, or migration readiness as-is.",RETAINABLE_EXECUTION_SAFETY_DESIGN_REQUIRING_REIMPLEMENTATION,Future canonical C4 execution architecture.,"Keep execution planning deterministic, broker-neutral, no-submit by default, and independently tested.",Historical local mutable plans and CLI operation.,CARRY_FORWARD,C1_REPORT/CANONICAL_EXECUTION_SAFETY_DESIGN_REQUIREMENTS,C4_SELECTED_CODE_MIGRATION_ADAPTATION_AND_VERIFICATION,DIRECT_FUNCTIONAL_MAPPING:2v.10;2v.20,Principal source and contract-test evidence for future redesign.,PENDING
E9-03,Paper-trading and execution safety,DIRECT_2v.10_2v.20;CONTEXTUAL_2v.90;EXACT_RANGE_NOT_YET_DETERMINED,racoope70/ppo-trading-pipeline,072103f43d8b2488c3efca183f637ab0508a193a,docs/runs/v1.18_stale_plan_prevention_max_plan_age_enforcement.md;docs/runs/v1.19_submit_mode_preflight_run_dir_confirmation.md;docs/runs/v1.20_submit_mode_preflight_no_submit_regression.md;tests/test_stale_plan_enforcement.py;tests/test_submit_run_dir_confirmation.py,SAFETY_CONTROL_AND_REGRESSION_EVIDENCE,HIGH,Establishes that maximum-age and exact-run-directory preflights could block unsafe submit invocations.,"Does not establish immutable plan identity, all-symbol freshness, calendar validity, or persistent submit locking.",VALID_HISTORICAL_CONTROL_WITH_KNOWN_GAPS,Future immutable decision-package and submit authority design.,Bind submission to exact checksummed decision-package identity and oldest-symbol freshness.,Historical local run-directory confirmation and age limit.,CARRY_FORWARD,C1_REPORT/DECISION_PACKAGE_FRESHNESS_AND_SUBMIT_PREFLIGHT,C4_SELECTED_CODE_MIGRATION_ADAPTATION_AND_VERIFICATION;C14_CONTROLLED_PAPER_TRADING,DIRECT_FUNCTIONAL_MAPPING:2v.10;2v.20;CONTEXTUAL_FUNCTIONAL_MAPPING:2v.90,Useful fail-closed controls requiring stronger identity and time semantics.,PENDING
E9-04,Paper-trading and execution safety,DIRECT_2v.90;EXACT_RANGE_NOT_YET_DETERMINED,racoope70/ppo-trading-pipeline,072103f43d8b2488c3efca183f637ab0508a193a,docs/runs/v1.10_controlled_alpaca_paper_order_redeployment_test.md;docs/runs/v1.14_controlled_single_order_submit_test.md;docs/runs/v1.21_controlled_submit_full_safety_stack.md,CONTROLLED_PAPER_SUBMIT_NARRATIVES,CRITICAL,"Records three intentionally submitted paper orders, requested details, returned order IDs, and later filled-like position evidence.","Does not establish explicit broker statuses, authoritative fills, partial-fill handling, reliability, economics, or current authority.",VALID_BOUNDED_HISTORICAL_SUBMIT_EVIDENCE_WITH_PROVENANCE_LIMITS,v1.60 and v1.65 terminal no-submit disposition.,"Retain exact submit intent, status polling, fills, and reconciliation as append-only evidence.",Three manually supervised historical paper submits.,SUMMARIZE_AND_REFERENCE,C1_REPORT/HISTORICAL_EXECUTION_SUMMARY_AND_C14_EVIDENCE_REQUIREMENTS,C14_CONTROLLED_PAPER_TRADING;C13_PUBLICATION_RELEASE,DIRECT_FUNCTIONAL_MAPPING:2v.90,Material submission evidence with precise status limitations.,PENDING
E9-05,Paper-trading and execution safety,DIRECT_2v.90;EXACT_RANGE_NOT_YET_DETERMINED,racoope70/ppo-trading-pipeline,072103f43d8b2488c3efca183f637ab0508a193a,docs/runs/v1.11_post_order_monitoring_rebalance_verification.md;docs/runs/v1.15_post_single_order_monitoring_residual_position_verification.md;docs/runs/v1.22_post_full_safety_stack_submit_monitoring.md;docs/runs/v1.23_rebalance_decision_review_hold_vs_exit_policy.md,POST_SUBMIT_MONITORING_AND_RECONCILIATION_NARRATIVE,HIGH,"Records observed resulting positions, avoided unnecessary rebalances, residual quantities, and no-submit treatment of later exit signals.","Does not establish order-level fill reconciliation, exact flattening, or append-only broker evidence.",VALID_HISTORICAL_MONITORING_EVIDENCE_WITH_LIMITED_PROVENANCE,Future canonical reconciliation and broker-confirmed flattening design.,"Reconcile plans, orders, fills, positions, residuals, and flattening through immutable broker evidence.",Historical narrative post-submit checks.,SUMMARIZE_AND_REFERENCE,C1_REPORT/CANONICAL_RECONCILIATION_RESIDUAL_AND_FLATTENING_REQUIREMENTS,C14_CONTROLLED_PAPER_TRADING,DIRECT_FUNCTIONAL_MAPPING:2v.90,Preserves monitoring lessons without overstating fill confirmation.,PENDING
E9-06,Paper-trading and execution safety,DIRECT_2v.90;EXACT_RANGE_NOT_YET_DETERMINED,racoope70/ppo-trading-pipeline,072103f43d8b2488c3efca183f637ab0508a193a,docs/runs/v1.9_alpaca_ppo_no_submit_redeployment_dry_run.md;docs/runs/v1.12_short_monitored_alpaca_paper_trading_session.md;docs/runs/v1.60_legacy_ppo_baseline_reclassification_no_submit_observation_closeout.md,NO_SUBMIT_MONITORING_AND_NEGATIVE_RESULT_EVIDENCE,HIGH,"Records supervised no-submit cycles, skip discipline, recurrent signals, multi-order instability, and absence of stable promotion evidence.","Does not establish trading edge, unattended stability, or paper-submit readiness.",VALID_NEGATIVE_OPERATIONAL_AND_MODEL_EVIDENCE,Terminal v1.65 decision.,No-submit observation must not be converted into economic qualification.,Historical supervised short sessions.,SUMMARIZE_AND_REFERENCE,C1_REPORT/PUBLICATION_LIMITATIONS_AND_FUTURE_PAPER_QUALIFICATION,C13_PUBLICATION_RELEASE;C14_CONTROLLED_PAPER_TRADING,DIRECT_FUNCTIONAL_MAPPING:2v.90,Material negative operational evidence and sample-size limitation.,PENDING
E9-07,Paper-trading and execution safety,CONTEXTUAL_2v.90;EXACT_RANGE_NOT_YET_DETERMINED,racoope70/ppo-trading-pipeline,072103f43d8b2488c3efca183f637ab0508a193a,docs/workflows/alpaca_paper_trading_integration.md;docs/workflows/single_order_submit_guard.md;docs/runs/v1.10_controlled_alpaca_paper_order_redeployment_test.md;docs/runs/v1.14_controlled_single_order_submit_test.md;docs/runs/v1.21_controlled_submit_full_safety_stack.md,SUPERSEDED_OPERATING_PROCEDURE,HIGH,Preserves exact historical manual commands and the evolution of controlled submit procedures.,Does not establish current authorization or an acceptable canonical runbook.,OBSOLETE_FOR_OPERATION_RETAINABLE_FOR_HISTORY,Canonical C14 procedures after separate authorization.,Historical commands must never be reused as standing authority.,Account-specific manually supervised command sequence.,OBSOLETE_OR_SUPERSEDED,C1_REPORT/HISTORICAL_LESSONS_AND_PROHIBITED_PROCEDURES,C13_PUBLICATION_RELEASE,CONTEXTUAL_FUNCTIONAL_MAPPING:2v.90,Retain for historical accuracy while excluding from future operation.,PENDING
E9-08,Paper-trading and execution safety,FUNCTIONAL_2v.90_REFERENCE_ONLY;EXACT_RANGE_NOT_YET_DETERMINED,racoope70/ppo-trading-pipeline,072103f43d8b2488c3efca183f637ab0508a193a,docs/workflows/alpaca_paper_trading_integration.md;docs/runs/v1.10_controlled_alpaca_paper_order_redeployment_test.md;docs/runs/v1.11_post_order_monitoring_rebalance_verification.md;docs/runs/v1.14_controlled_single_order_submit_test.md;docs/runs/v1.15_post_single_order_monitoring_residual_position_verification.md;docs/runs/v1.21_controlled_submit_full_safety_stack.md;docs/runs/v1.22_post_full_safety_stack_submit_monitoring.md,COMMITTED_REFERENCES_TO_UNCOMMITTED_LOCAL_AND_EXTERNAL_EVIDENCE,HIGH,"Committed workflows and narratives identify expected local report schemas, filenames, summarized broker values, and historical use of generated execution evidence.","Does not establish exact generated bytes, checksums, raw broker requests or responses, immutable order activities or fills, complete account history, or immutable external provenance.",PROVENANCE_LIMITATION,Future checksummed evidence package and append-only activity design.,"Generated execution and broker evidence require immutable identity, checksums, raw-response retention, and append-only storage.","Local ignored logs, mutable report directories, and manually transcribed broker values.",HISTORICAL_ARCHIVE_ONLY,C1_REPORT/PROVENANCE_LIMITATION_AND_FUTURE_C14_EVIDENCE_CONTRACT,C14_CONTROLLED_PAPER_TRADING;C13_PUBLICATION_RELEASE,CONTEXTUAL_FUNCTIONAL_MAPPING:2v.90,Essential negative provenance finding based only on committed references.,PENDING
E10-01,PPO v2 design and data contracts,FUNCTIONAL_2v.10;EXACT_RANGE_NOT_YET_DETERMINED,racoope70/ppo-trading-pipeline,072103f43d8b2488c3efca183f637ab0508a193a,docs/runs/v1.66_ppo_v2_retraining_design.md;docs/designs/v1.66_ppo_v2_retraining_design.md;docs/runs/v1.67_ppo_v2_retraining_authorization_review.md;docs/decisions/v1.67_ppo_v2_retraining_authorization_review.md;docs/runs/v1.68_ppo_v2_controlled_retraining_implementation_plan.md;docs/runs/v1.69_ppo_v2_controlled_retraining_implementation_scaffold_review.md,DESIGN_AUTHORIZATION_AND_IMPLEMENTATION_PLAN_CHAIN,HIGH,"Establishes PPO v2 as a new governed candidate and separates design, planning, implementation, and execution authorization.","Does not establish dataset acceptance, readiness, training execution, qualification, promotion, or current candidate status.",DURABLE_GOVERNANCE_PRINCIPLE_WITH_HISTORICAL_ASSUMPTIONS,Canonical phase structure and current PROJECT_CONTEXT.md authorization.,"New candidates require explicit design, readiness, execution, qualification, and promotion gates.",Historical v1.66 through v1.69 checkpoint and authorization path.,CARRY_FORWARD,C1_REPORT/CANONICAL_PPO_V2_READINESS_AND_AUTHORIZATION_ARCHITECTURE,C8_PPO_V2_IMPLEMENTATION_READINESS;C9_PPO_V2_TRAINING_VALIDATION_QUALIFICATION_AND_FREEZE,DIRECT_FUNCTIONAL_MAPPING:2v.10;CONTEXTUAL_FUNCTIONAL_MAPPING:2v.70,Material evidence that PPO v2 was not a continuation of the failed legacy candidate and planning did not equal execution.,PENDING
E10-02,PPO v2 design and data contracts,FUNCTIONAL_2v.10_AND_2v.20;EXACT_RANGE_NOT_YET_DETERMINED,racoope70/ppo-trading-pipeline,072103f43d8b2488c3efca183f637ab0508a193a,src/ppo_v2_retraining_config.py;tests/test_ppo_v2_retraining_config.py;docs/runs/v1.70_ppo_v2_controlled_retraining_scaffold_and_safety_tests.md;docs/runs/v1.71_ppo_v2_scaffold_safety_audit_and_execution_boundary_review.md;docs/audits/v1.71_ppo_v2_scaffold_safety_audit_and_execution_boundary_review.md,NONEXECUTING_CONFIGURATION_SCAFFOLD_AND_SAFETY_TEST_EVIDENCE,HIGH,"Establishes fail-closed execution flags, empty execution commands, isolated paths, forbidden columns, and no active training or broker path.","Does not establish accepted source, universe, costs, paths, configuration provenance, or training readiness.",VALID_HISTORICAL_SAFETY_REFERENCE_REQUIRING_REIMPLEMENTATION,Future canonical C4 and C8 configuration and authorization boundaries.,Imports and default configurations must be non-executing and fail closed.,"Historical Alpaca, six-symbol, path, cost, slippage, and seed defaults.",CARRY_FORWARD,C1_REPORT/CANONICAL_NONEXECUTING_PPO_V2_CONFIGURATION_BOUNDARY,C4_SELECTED_CODE_MIGRATION_ADAPTATION_AND_VERIFICATION;C8_PPO_V2_IMPLEMENTATION_READINESS,DIRECT_FUNCTIONAL_MAPPING:2v.10;2v.20,Contains reusable fail-closed principles but embeds unaccepted assumptions.,PENDING
E10-03,PPO v2 design and data contracts,FUNCTIONAL_2v.10_2v.20_AND_2v.60;EXACT_RANGE_NOT_YET_DETERMINED,racoope70/ppo-trading-pipeline,072103f43d8b2488c3efca183f637ab0508a193a,docs/runs/v1.72_ppo_v2_controlled_retraining_data_contract_and_split_specification.md;docs/specifications/v1.72_ppo_v2_controlled_retraining_data_contract_and_split_specification.md;src/ppo_v2_data_contract.py;docs/runs/v1.73_ppo_v2_data_contract_validation_tests.md;tests/test_ppo_v2_data_contract.py;docs/runs/v1.74_ppo_v2_data_contract_validation_review_next_implementation_boundary.md,DATA_CONTRACT_SPLIT_VALIDATOR_AND_OFFLINE_TEST_EVIDENCE,HIGH,"Establishes an OHLCV contract, temporal splits, positive embargo, holdout restrictions, train-only preprocessing label, offline validator, and unit tests.","Does not establish an accepted dataset, immutable bytes, checksums, complete calendar coverage, provider identity, preprocessing artifacts, or shared final holdout.",MATERIAL_TECHNICAL_REFERENCE_REQUIRING_VERSIONED_CANONICAL_REDESIGN,Future canonical dataset contract freeze and shared final-holdout design.,"Require exact schema, temporal ordering, embargo, leakage rejection, train-only transforms, and fail-closed validation.","Historical six-symbol, one-hour, local-path, and standalone-PPO holdout assumptions.",CARRY_FORWARD,C1_REPORT/CANONICAL_VERSIONED_DATA_CONTRACT_AND_TEMPORAL_SPLIT_MANIFEST,C6_DATASET_CONTRACT_FREEZE;C8_PPO_V2_IMPLEMENTATION_READINESS;C9_PPO_V2_TRAINING_VALIDATION_QUALIFICATION_AND_FREEZE,DIRECT_FUNCTIONAL_MAPPING:2v.10;2v.20;2v.60,"Most material item-10 contract evidence, with clear reusable controls and provenance limitations.",PENDING
E10-04,PPO v2 design and data contracts,FUNCTIONAL_2v.10_AND_2v.20;EXACT_RANGE_NOT_YET_DETERMINED,racoope70/ppo-trading-pipeline,072103f43d8b2488c3efca183f637ab0508a193a,docs/runs/v1.75_ppo_v2_controlled_data_preparation_interface_boundary_plan.md;docs/runs/v1.76_ppo_v2_controlled_data_preparation_interface_scaffold_and_tests.md;src/ppo_v2_data_preparation_interface.py;tests/test_ppo_v2_data_preparation_interface.py;docs/runs/v1.77_ppo_v2_data_preparation_interface_scaffold_review_next_boundary_decision.md;docs/runs/v1.78_ppo_v2_data_preparation_interface_integration_boundary_plan.md;docs/runs/v1.79_ppo_v2_data_preparation_interface_integration_scaffold_and_tests.md;src/ppo_v2_data_preparation_integration.py;tests/test_ppo_v2_data_preparation_integration.py;docs/runs/v1.80_ppo_v2_data_preparation_integration_scaffold_review_next_boundary_decision.md,IN_MEMORY_PREPARATION_AND_INTEGRATION_SCAFFOLD,HIGH,"Establishes provider-neutral in-memory validation, deterministic split assignment, error propagation, non-executing modes, metadata, and no I/O side effects.","Does not establish dataset generation, immutable input identity, checksums, actual preprocessing, surrounding provider neutrality, or training readiness.",VALID_ARCHITECTURAL_REFERENCE_WITH_IDENTITY_GAPS,Future canonical immutable preparation package and provenance contract.,"Preparation must be deterministic, provider-neutral, fail closed, and separate validation from acquisition.",Historical mutable in-memory DataFrame integration.,CARRY_FORWARD,C1_REPORT/CANONICAL_PROVIDER_NEUTRAL_DATA_PREPARATION_BOUNDARY,C4_SELECTED_CODE_MIGRATION_ADAPTATION_AND_VERIFICATION;C6_DATASET_CONTRACT_FREEZE;C8_PPO_V2_IMPLEMENTATION_READINESS,DIRECT_FUNCTIONAL_MAPPING:2v.10;2v.20,Useful bounded interface pattern that must be rebuilt around immutable identities.,PENDING
E10-05,PPO v2 design and data contracts,FUNCTIONAL_2v.10_AND_2v.20;EXACT_RANGE_NOT_YET_DETERMINED,racoope70/ppo-trading-pipeline,072103f43d8b2488c3efca183f637ab0508a193a,docs/runs/v1.81_ppo_v2_training_input_handoff_boundary_plan.md;docs/runs/v1.82_ppo_v2_training_input_handoff_interface_scaffold_and_tests.md;src/ppo_v2_training_input_handoff.py;tests/test_ppo_v2_training_input_handoff.py;docs/runs/v1.83_ppo_v2_training_input_handoff_interface_review_section_closeout.md,TRAINING_INPUT_HANDOFF_SCAFFOLD_AND_TEST_EVIDENCE,HIGH,Establishes that only valid in-memory integration results with nonempty split frames and safe observation columns could pass the historical handoff.,"Does not establish immutable dataset, feature, split, preprocessing, seed, configuration linkage, or safe final-holdout isolation.",CONCEPT_VALID_IMPLEMENTATION_INSUFFICIENT_FOR_CANONICAL_TRAINING,Future immutable training-input package and mismatch-rejection design.,Training input must reject invalid upstream results and unsafe features.,"Passing mutable train, evaluation, and holdout DataFrames through one process boundary.",CARRY_FORWARD,C1_REPORT/CANONICAL_IMMUTABLE_TRAINING_INPUT_HANDOFF_CONTRACT,C8_PPO_V2_IMPLEMENTATION_READINESS;C9_PPO_V2_TRAINING_VALIDATION_QUALIFICATION_AND_FREEZE,DIRECT_FUNCTIONAL_MAPPING:2v.10;2v.20,Historical object pass-through lacks provenance for governed training.,PENDING
E10-06,PPO v2 design and data contracts,FUNCTIONAL_2v.10_AND_2v.20;EXACT_RANGE_NOT_YET_DETERMINED,racoope70/ppo-trading-pipeline,072103f43d8b2488c3efca183f637ab0508a193a,docs/runs/v1.84_ppo_v2_training_configuration_boundary_plan.md;docs/runs/v1.85_ppo_v2_training_configuration_scaffold_and_tests.md;src/ppo_v2_training_configuration.py;tests/test_ppo_v2_training_configuration.py,TRAINING_CONFIGURATION_AND_EXECUTION_BOUNDARY_EVIDENCE,HIGH,"Establishes PPO hyperparameter ranges, authorization-request rejection, required handoff validity, disabled artifact policy, and non-executing configuration.","Does not establish reviewed config files, data/config checksums, split linkage, cost propagation, reward/risk implementation, or execution propagation.",VALID_HISTORICAL_CONFIGURATION_REFERENCE_REQUIRING_REIMPLEMENTATION,Future canonical configuration schema and execution-traceability contract.,"Configuration must be validated, explicit, non-executing by default, and reject unauthorized execution.","Historical hyperparameter defaults, environment names, and unrestricted early-stop mapping.",CARRY_FORWARD,C1_REPORT/CANONICAL_PPO_V2_CONFIGURATION_AND_TRACEABILITY_REQUIREMENTS,C8_PPO_V2_IMPLEMENTATION_READINESS;C9_PPO_V2_TRAINING_VALIDATION_QUALIFICATION_AND_FREEZE,DIRECT_FUNCTIONAL_MAPPING:2v.10;2v.20,"Useful validation boundary, but values were not proven to reach an actual trainer.",PENDING
E10-07,PPO v2 design and data contracts,FUNCTIONAL_2v.10_REFERENCE_ONLY;EXACT_RANGE_NOT_YET_DETERMINED,racoope70/ppo-trading-pipeline,072103f43d8b2488c3efca183f637ab0508a193a,docs/runs/v1.66_ppo_v2_retraining_design.md;docs/designs/v1.66_ppo_v2_retraining_design.md;docs/runs/v1.72_ppo_v2_controlled_retraining_data_contract_and_split_specification.md;docs/specifications/v1.72_ppo_v2_controlled_retraining_data_contract_and_split_specification.md;src/ppo_v2_training_input_handoff.py,SUPERSEDED_HOLDOUT_SEQUENCE_DESIGN,HIGH,Establishes that the historical design isolated a PPO-specific holdout from tuning and intended access after PPO selection.,Does not establish a candidate-family-independent shared final holdout or RF/XGBoost freeze before access.,OBSOLETE_RELATIVE_TO_ACCEPTED_CANONICAL_SEQUENCE,C12_ELIGIBLE_CANDIDATE_FREEZE_SHARED_FINAL_HOLDOUT_AND_PROMOTION_DECISION.,Holdout must remain isolated and open only after all eligible candidate families are frozen.,Standalone-PPO selection followed by PPO-specific final validation.,OBSOLETE_OR_SUPERSEDED,C1_REPORT/CANONICAL_SHARED_FINAL_HOLDOUT_INCOMPATIBILITY_AND_LESSON,C12_ELIGIBLE_CANDIDATE_FREEZE_SHARED_FINAL_HOLDOUT_AND_PROMOTION_DECISION;C13_PUBLICATION_RELEASE,DIRECT_FUNCTIONAL_MAPPING:2v.10,Historical access sequence conflicts with the accepted shared-final-holdout design.,PENDING
E11-01,Dataset reconstruction,FUNCTIONAL_REFERENCE_ONLY;EXACT_RANGE_NOT_YET_DETERMINED,racoope70/ppo-trading-pipeline,072103f43d8b2488c3efca183f637ab0508a193a,docs/runs/v3.07_sealed_dataset_availability_path_local_placement_remediation.md;docs/runs/v3.07_sealed_dataset_local_placement_evidence_review.md;docs/audits/v3.07_sealed_dataset_local_placement_evidence_review.md;docs/runs/v3.08_sealed_dataset_recovery_strategy_authorization_plan.md;docs/runs/v3.08_diagnostics_only_sealed_dataset_source_of_truth_inspection.md,SEALED_DATASET_ABSENCE_AND_SOURCE_OF_TRUTH_RECOVERY_EVIDENCE,HIGH,"Establishes the expected v3.07 local dataset path was absent, ignored, untracked, without checksum or size, and not replaceable by a proven candidate.","Does not establish that the original dataset ever existed, external bytes survive, or any candidate equals it.",MATERIAL_PROVENANCE_AND_RECOVERY_LIMITATION,The v3.08 superseding reconstruction classification and canonical no-dataset state.,"Dataset packages require immutable identity, retained bytes, checksum, manifest, lineage, and explicit acceptance.",Historical attempts to recover or locally place the missing v3.07 path.,SUMMARIZE_AND_REFERENCE,C1_REPORT/DATASET_LINEAGE_AND_PROVENANCE_LIMITATIONS,C6_DATASET_CONTRACT_FREEZE;C7_DATASET_GENERATION_AND_ACCEPTANCE;C13_PUBLICATION_RELEASE,CONTEXTUAL_FUNCTIONAL_MAPPING:2v.40,Preserves the missing-dataset antecedent without citing absent bytes as immutable evidence.,PENDING
E11-02,Dataset reconstruction,FUNCTIONAL_2v.10_REFERENCE;EXACT_RANGE_NOT_YET_DETERMINED,racoope70/ppo-trading-pipeline,072103f43d8b2488c3efca183f637ab0508a193a,docs/runs/v3.08_exact_dataset_recipe_external_artifact_decision.md;docs/runs/v3.08_exact_dataset_recipe_reconstruction_plan.md;docs/runs/v3.08_exact_feature_formula_and_raw_source_specification.md;docs/runs/v3.08_feature_formula_raw_source_specification_review.md;docs/runs/v3.08_dataset_reconstruction_executive_contract_decision.md;docs/runs/v3.08_dataset_reconstruction_contract_resolution.md;docs/audits/v3.08_independent_dataset_reconstruction_final_contract_resolution_review_repeat_after_remediation.md,SUPERSEDING_RECONSTRUCTION_RECIPE_AND_FINAL_CONTRACT,HIGH,"Establishes a superseding reconstruction contract with explicit request, calendar, temporal, gap, schema, dtype, feature, writer, and output requirements.","Does not establish original recovery, provider acceptance, runtime conformance, successful generation, validation, or training acceptance.",MATERIAL_TECHNICAL_REFERENCE_REQUIRING_CANONICAL_REVIEW,Future canonical C5 through C7 decisions.,"Use a versioned exact recipe with explicit literals, no environment defaults, and distinct dataset identity.","Historical provider, feed, universe, date-window, and output selections.",CARRY_FORWARD,C1_REPORT/CANONICAL_RECONSTRUCTION_CONTRACT_AND_DATASET_LINEAGE,C5_DATA_SOURCE_CALENDAR_AND_INITIAL_UNIVERSE_DECISION;C6_DATASET_CONTRACT_FREEZE;C7_DATASET_GENERATION_AND_ACCEPTANCE,CONTEXTUAL_FUNCTIONAL_MAPPING:2v.30;2v.40,Strong historical reconstruction-design evidence separating governed choices from recovered facts.,PENDING
E11-03,Dataset reconstruction,FUNCTIONAL_2v.10_AND_2v.20;EXACT_RANGE_NOT_YET_DETERMINED,racoope70/ppo-trading-pipeline,072103f43d8b2488c3efca183f637ab0508a193a,src/ppo_v2_dataset_reconstruction.py;src/ppo_v2_data_contract.py;src/ppo_v2_market_calendar.py;src/ppo_v2_parquet_writer.py;tests/test_ppo_v2_dataset_reconstruction_contract.py;tests/test_ppo_v2_market_calendar_contract.py;tests/test_ppo_v2_parquet_writer_contract.py;docs/runs/v3.08_mocked_unit_contract_testing.md,INERT_RECONSTRUCTION_SOURCE_SCAFFOLD_AND_MOCKED_TEST_EVIDENCE,HIGH,"Establishes request literals, path/schema validation, calendar-slot helpers, writer profile, fail-closed stubs, and mocked tests.","Does not establish a complete generator, raw-data processing, final output writing, or reproducibility.",MATERIAL_SOURCE_AND_TEST_REFERENCE_REQUIRING_COMPLETION,"Future canonical C4, C6, and C7 implementation.","Keep provider-neutral contracts, inert defaults, and mocked tests separated from network and generation authority.",Historical incomplete reconstruction scaffold.,CARRY_FORWARD,C1_REPORT/CANONICAL_RECONSTRUCTION_IMPLEMENTATION_AND_OFFLINE_TEST_ARCHITECTURE,C4_SELECTED_CODE_MIGRATION_ADAPTATION_AND_VERIFICATION;C6_DATASET_CONTRACT_FREEZE;C7_DATASET_GENERATION_AND_ACCEPTANCE,DIRECT_FUNCTIONAL_MAPPING:2v.10;2v.20,Material source and test evidence without generation or acceptance.,PENDING
E11-04,Dataset reconstruction,FUNCTIONAL_2v.30_AND_2v.40_REFERENCE;EXACT_RANGE_NOT_YET_DETERMINED,racoope70/ppo-trading-pipeline,072103f43d8b2488c3efca183f637ab0508a193a,docs/runs/v3.08_data_fetch_authorization.md;docs/runs/v3.08_data_fetch_execution_remediation_alpaca_sort_import.md;docs/runs/v3.08_data_fetch_execution.md;docs/runs/v3.08_dataset_generation_authorization.md,COMMITTED_REFERENCES_TO_LOCAL_AUTHENTICATED_RAW_FETCH_ARTIFACT,HIGH,"Records a governed Alpaca fetch with request fields, local raw path, schema, counts, size, sort state, and SHA-256.","Does not establish immutable raw bytes in Git, provider acceptance, dataset validity, or acceptance.",MATERIAL_RAW_DATA_LINEAGE_WITH_UNRETAINED_BYTES,Future canonical raw data package and provider decision.,"Raw fetch evidence must retain exact request, bytes, checksum, schema, source, and authorization separately from acceptance.",Historical authenticated six-symbol IEX fetch and local ignored artifact.,SUMMARIZE_AND_REFERENCE,C1_REPORT/RAW_DATA_LINEAGE_AND_PROVENANCE_LIMITATION,C5_DATA_SOURCE_CALENDAR_AND_INITIAL_UNIVERSE_DECISION;C7_DATASET_GENERATION_AND_ACCEPTANCE;C13_PUBLICATION_RELEASE,DIRECT_FUNCTIONAL_MAPPING:2v.30;CONTEXTUAL_FUNCTIONAL_MAPPING:2v.40,Material fetch evidence whose committed narratives do not preserve raw bytes.,PENDING
E11-05,Dataset reconstruction,FUNCTIONAL_2v.40_REFERENCE;EXACT_RANGE_NOT_YET_DETERMINED,racoope70/ppo-trading-pipeline,072103f43d8b2488c3efca183f637ab0508a193a,docs/runs/v3.08_dataset_generation_authorization.md;docs/runs/v3.08_dataset_generation_execution.md;docs/runs/v3.08_dataset_generation_execution_remediation.md;docs/runs/v3.08_dataset_generation_reexecution_authorization.md;docs/runs/v3.08_dataset_generation_reexecution.md;docs/runs/v3.08_dataset_generation_reexecution_blocked_evidence_review.md,BLOCKED_DATASET_GENERATION_AND_REEXECUTION_EVIDENCE,HIGH,"Establishes first-attempt dependency block and re-execution failure at a zero-tolerance expected-slot gate, with no dataset, manifest, checksum, or partial output.","Does not establish missing-slot cause, formula correctness, contract passage, output reproducibility, validation, or training acceptance.",MATERIAL_NEGATIVE_GENERATION_EVIDENCE,"Future canonical dataset generation, validation, and acceptance evidence.","Retain runtime, source, input identity, gates, cleanup, and explicit rejected-dataset status for every attempt.",Historical interpreter remediation and temporary re-execution script.,SUMMARIZE_AND_REFERENCE,C1_REPORT/DATASET_GENERATION_DISPOSITION_AND_REPRODUCIBILITY_LIMITATIONS,C7_DATASET_GENERATION_AND_ACCEPTANCE;C13_PUBLICATION_RELEASE,DIRECT_FUNCTIONAL_MAPPING:2v.40,Definitive evidence that no reconstructed dataset was created or accepted.,PENDING
E11-06,Dataset reconstruction,FUNCTIONAL_REFERENCE_ONLY;EXACT_RANGE_NOT_YET_DETERMINED,racoope70/ppo-trading-pipeline,072103f43d8b2488c3efca183f637ab0508a193a,docs/runs/v3.07_sealed_dataset_availability_path_local_placement_remediation.md;docs/runs/v3.07_sealed_dataset_local_placement_evidence_review.md;docs/audits/v3.07_sealed_dataset_local_placement_evidence_review.md;docs/runs/v3.08_sealed_dataset_recovery_strategy_authorization_plan.md;docs/runs/v3.08_diagnostics_only_sealed_dataset_source_of_truth_inspection.md,OBSOLETE_MISSING_DATASET_IDENTITY_AND_PATH_REFERENCE,HIGH,"Establishes that the historical package expected a pre-existing local parquet identity whose bytes, checksum, and provenance were absent.","Does not establish that the file existed, was generated, sealed, validated, or usable as a current dataset identity.",HISTORICAL_REFERENCE_ONLY,The distinct v3.08 superseding identity and current canonical no-accepted-dataset state.,Missing or unproven dataset identities must never be reused as output targets or training inputs.,Use of the v3.07 ignored local path as a package dependency.,OBSOLETE_OR_SUPERSEDED,C1_REPORT/HISTORICAL_DATASET_IDENTITY_WARNING_AND_MIGRATION_EXCLUSION,C6_DATASET_CONTRACT_FREEZE;C7_DATASET_GENERATION_AND_ACCEPTANCE,NO_DIRECT_FUNCTIONAL_2v_MAPPING,Uses committed absence and recovery records rather than the absent parquet as immutable evidence.,PENDING
E12-01,Missing-bar investigation and remediation,FUNCTIONAL_2v.40_REFERENCE;EXACT_RANGE_NOT_YET_DETERMINED,racoope70/ppo-trading-pipeline,072103f43d8b2488c3efca183f637ab0508a193a,docs/runs/v3.08_dataset_generation_reexecution.md;docs/runs/v3.08_dataset_generation_reexecution_blocked_evidence_review.md,BLOCKED_DATASET_GENERATION_GAP_EVIDENCE,HIGH,"Establishes generation failed with 11 missing expected slots per symbol, 66 symbol-slot observations total, and no dataset, manifest, checksum, or partial output.","Does not establish root cause, recoverability, provider fault, contract validity, or acceptance.",MATERIAL_NEGATIVE_DATA_QUALITY_EVIDENCE,Future canonical raw-data completeness and generation evidence.,"Failed data-quality gates must retain exact counts, cleanup, output non-creation, and rejected status.",Historical v3.08 generation and blocked-evidence workflow.,SUMMARIZE_AND_REFERENCE,C1_REPORT/MISSING_DATA_CHRONOLOGY_AND_BLOCKED_GENERATION_DISPOSITION,C6_DATASET_CONTRACT_FREEZE;C7_DATASET_GENERATION_AND_ACCEPTANCE;C13_PUBLICATION_RELEASE,DIRECT_FUNCTIONAL_MAPPING:2v.40,Defines the exact item-12 starting condition and proves no acceptable dataset existed.,PENDING
E12-02,Missing-bar investigation and remediation,FUNCTIONAL_2v.40_REFERENCE;EXACT_RANGE_NOT_YET_DETERMINED,racoope70/ppo-trading-pipeline,072103f43d8b2488c3efca183f637ab0508a193a,docs/runs/v3.08_missing_slot_root_cause_remediation_authorization_consideration.md;docs/runs/v3.08_missing_slot_root_cause_analysis.md,READ_ONLY_MISSING_SLOT_ROOT_CAUSE_ANALYSIS_EVIDENCE,HIGH,"Establishes exact missing timestamps, common cross-symbol pattern, XNYS session classification, count reproduction, alternative explanations, and a likely upstream completeness category.","Does not establish provider internal cause, original response contents, pagination completeness, or accepted remediation.",MATERIAL_DATA_QUALITY_ANALYSIS_REFERENCE,Future machine-readable gap analysis and independently reviewed root-cause evidence.,"Preserve exact gaps, hypotheses, confidence, limitations, source identity, and machine-readable output.",Unretained temporary analysis script against local ignored raw bytes.,CARRY_FORWARD,C1_REPORT/CANONICAL_MISSING_BAR_INVESTIGATION_AND_ROOT_CAUSE_EVIDENCE_DESIGN,C4_SELECTED_CODE_MIGRATION_ADAPTATION_AND_VERIFICATION;C5_DATA_SOURCE_CALENDAR_AND_INITIAL_UNIVERSE_DECISION;C6_DATASET_CONTRACT_FREEZE;C7_DATASET_GENERATION_AND_ACCEPTANCE,DIRECT_FUNCTIONAL_MAPPING:2v.40,Useful data-quality method with explicit provenance limitations.,PENDING
E12-03,Missing-bar investigation and remediation,DIRECT_2v.30;CONTEXTUAL_2v.40;EXACT_RANGE_NOT_YET_DETERMINED,racoope70/ppo-trading-pipeline,072103f43d8b2488c3efca183f637ab0508a193a,docs/runs/v3.08_missing_slot_remediation_data_completeness_authorization_consideration.md,LEAST_PRIVILEGE_TARGETED_REFETCH_AUTHORIZATION_RECORD,HIGH,"Authorizes only one bounded six-symbol, IEX, hourly, RAW, two-session exact-target recovery attempt.","Does not establish execution, recovery, provider suitability, contract replacement, or dataset acceptance.",MATERIAL_LEAST_PRIVILEGE_AUTHORIZATION_REFERENCE,Future canonical provider-neutral remediation authority.,"Freeze exact target, provider, feed, timeframe, adjustment, calls, retries, and output boundary.",Historical one-attempt exact-66 remediation authorization.,SUMMARIZE_AND_REFERENCE,C1_REPORT/REMEDIATION_AUTHORIZATION_AND_LEAST_PRIVILEGE_CONTROL,C5_DATA_SOURCE_CALENDAR_AND_INITIAL_UNIVERSE_DECISION;C6_DATASET_CONTRACT_FREEZE;C7_DATASET_GENERATION_AND_ACCEPTANCE,DIRECT_FUNCTIONAL_MAPPING:2v.30;CONTEXTUAL_FUNCTIONAL_MAPPING:2v.40,Preserves a precise authorization boundary without implying success.,PENDING
E12-04,Missing-bar investigation and remediation,FUNCTIONAL_2v.30_AND_2v.40_REFERENCE;EXACT_RANGE_NOT_YET_DETERMINED,racoope70/ppo-trading-pipeline,072103f43d8b2488c3efca183f637ab0508a193a,docs/runs/v3.08_governed_targeted_missing_slot_refetch_raw_remediation_execution.md;docs/runs/v3.08_source_of_truth_alignment_after_governed_targeted_missing_slot_refetch_raw_remediation_execution.md,AUTHENTICATED_TARGETED_REFETCH_AND_BLOCKED_RAW_REMEDIATION_EVIDENCE,HIGH,"Records three API calls, twelve provider rows, zero exact-target matches, unchanged raw checksum, no candidate/checksum, and fail-closed result.","Does not establish row identities, response completeness, permanent IEX inadequacy, SIP superiority, or remediated dataset.",MATERIAL_NEGATIVE_REMEDIATION_EVIDENCE,Future canonical provider-neutral remediation and candidate-acceptance evidence.,"Retain provider responses, target-filter results, raw integrity, candidate non-creation, and fail-closed outcomes.",Temporary outside-repository refetch script and bounded Alpaca calls.,SUMMARIZE_AND_REFERENCE,C1_REPORT/TARGETED_REMEDIATION_RESULT_AND_PROVENANCE_LIMITATIONS,C5_DATA_SOURCE_CALENDAR_AND_INITIAL_UNIVERSE_DECISION;C7_DATASET_GENERATION_AND_ACCEPTANCE;C13_PUBLICATION_RELEASE,DIRECT_FUNCTIONAL_MAPPING:2v.30;2v.40,Definitive evidence that authorized IEX remediation recovered none of the required observations.,PENDING
E12-05,Missing-bar investigation and remediation,FUNCTIONAL_REFERENCE_ONLY;EXACT_RANGE_NOT_YET_DETERMINED,racoope70/ppo-trading-pipeline,072103f43d8b2488c3efca183f637ab0508a193a,docs/runs/v3.08_post_blocked_remediation_pathway_decision.md;docs/runs/v3.08_sip_feed_investigation_planning.md,POST_BLOCKED_PATHWAY_AND_PROVIDER_INVESTIGATION_HANDOFF,HIGH,Establishes the zero-missing-slot IEX contract remained unchanged and the next selected activity was SIP investigation planning only.,"Does not establish SIP access, entitlement, provider acceptance, contract replacement, refetch, generation, validation, or training authority.",MATERIAL_ITEM_12_TO_ITEM_13_BOUNDARY,Future canonical C5 provider and calendar decision.,"Data-quality failure must hand off to provider evaluation without silently changing feed, contract, or authority.",Historical selection of SIP planning after failed IEX remediation.,SUMMARIZE_AND_REFERENCE,C1_REPORT/PROVIDER_BOUNDARY_AND_NEXT_PHASE_HANDOFF,C5_DATA_SOURCE_CALENDAR_AND_INITIAL_UNIVERSE_DECISION;C6_DATASET_CONTRACT_FREEZE,CONTEXTUAL_FUNCTIONAL_MAPPING:2v.30;2v.40,Prevents planning from being misread as provider or SIP authorization.,PENDING
E12-06,Missing-bar investigation and remediation,FUNCTIONAL_REFERENCE_ONLY;EXACT_RANGE_NOT_YET_DETERMINED,racoope70/ppo-trading-pipeline,072103f43d8b2488c3efca183f637ab0508a193a,docs/runs/v3.08_missing_slot_root_cause_analysis.md;docs/runs/v3.08_governed_targeted_missing_slot_refetch_raw_remediation_execution.md;docs/runs/v3.08_dataset_generation_authorization.md,RAW_SCRIPT_RESPONSE_AND_MACHINE_READABLE_PROVENANCE_LIMITATION_EVIDENCE,HIGH,"Establishes the raw artifact was local and ignored, scripts temporary, exact gaps and outcomes retained in Markdown, and no remediation candidate existed.","Does not establish immutable raw bytes, script bytes, provider payloads, machine-readable gap evidence, or repeatability from committed materials alone.",MATERIAL_PROVENANCE_LIMITATION,"Future canonical immutable raw, script, response, and gap evidence package.",Operational data investigations require committed or checksummed machine-readable evidence.,Historical local ignored artifacts and temporary scripts.,SUMMARIZE_AND_REFERENCE,C1_REPORT/MISSING_BAR_PROVENANCE_LIMITATIONS,C5_DATA_SOURCE_CALENDAR_AND_INITIAL_UNIVERSE_DECISION;C7_DATASET_GENERATION_AND_ACCEPTANCE;C13_PUBLICATION_RELEASE,CONTEXTUAL_FUNCTIONAL_MAPPING:2v.40,Essential provenance limitation without treating local artifacts as immutable records.,PENDING
E13-01,Market-data provider and SIP-access investigation,FUNCTIONAL_GOVERNANCE_REFERENCE_ONLY;EXACT_RANGE_NOT_YET_DETERMINED,racoope70/ppo-trading-pipeline,072103f43d8b2488c3efca183f637ab0508a193a,docs/runs/v3.08_post_blocked_remediation_pathway_decision.md;docs/runs/v3.08_sip_feed_investigation_planning_authorization.md;docs/runs/v3.08_sip_feed_investigation_planning.md;docs/reviews/v3.08_sip_feed_investigation_planning_review.md,IEX_TO_SIP_INVESTIGATION_HANDOFF_AND_PLANNING_EVIDENCE,HIGH,Establishes failed IEX remediation led only to separately governed SIP planning with evidence isolation and exact-target matching.,"Does not establish SIP entitlement, API access, target coverage, provider suitability, or contract replacement.",MATERIAL_PROVIDER_INVESTIGATION_BOUNDARY_REFERENCE,Future canonical C5 provider and feed decision.,Separate provider investigation from provider acceptance and contract replacement.,Historical transition from blocked IEX reconstruction to SIP planning.,SUMMARIZE_AND_REFERENCE,C1_REPORT/PROVIDER_INVESTIGATION_CHRONOLOGY_AND_EVIDENCE_ISOLATION,C5_DATA_SOURCE_CALENDAR_AND_INITIAL_UNIVERSE_DECISION;C6_DATASET_CONTRACT_FREEZE,CONTEXTUAL_FUNCTIONAL_MAPPING:2v.30,Defines the lawful boundary between item 12 and item 13.,PENDING
E13-02,Market-data provider and SIP-access investigation,FUNCTIONAL_2v.30_REFERENCE;EXACT_RANGE_NOT_YET_DETERMINED,racoope70/ppo-trading-pipeline,072103f43d8b2488c3efca183f637ab0508a193a,docs/runs/v3.08_sip_feed_investigation_execution_authorization.md;docs/runs/v3.08_sip_feed_investigation_execution.md;docs/reviews/v3.08_sip_feed_investigation_evidence_review.md;docs/runs/v3.08_source_of_truth_alignment_after_sip_feed_investigation_evidence_review.md,BOUNDED_SIP_INVESTIGATION_PRECONDITION_BLOCK_EVIDENCE,HIGH,Establishes exact-66 SIP investigation authorization stopped before client creation or API access because entitlement was not established; no request occurred.,"Does not establish SIP denial, zero-row response, target unavailability, or provider rejection.",MATERIAL_NEGATIVE_ACCESS_AND_NO_COVERAGE_EVIDENCE,Future authenticated SIP-access and exact-coverage evidence.,Classify no-request outcomes separately from provider responses and retain stage and counts.,Historical exact-66 SIP investigation checkpoint.,SUMMARIZE_AND_REFERENCE,C1_REPORT/INITIAL_SIP_EXECUTION_AND_PROVIDER_COVERAGE_LIMITATIONS,C5_DATA_SOURCE_CALENDAR_AND_INITIAL_UNIVERSE_DECISION;C7_DATASET_GENERATION_AND_ACCEPTANCE,DIRECT_FUNCTIONAL_MAPPING:2v.30,Prevents a precondition block from being represented as missing SIP coverage.,PENDING
E13-03,Market-data provider and SIP-access investigation,NO_DIRECT_2v.30_MAPPING_PUBLIC_RESEARCH_ONLY;EXACT_RANGE_NOT_YET_DETERMINED,racoope70/ppo-trading-pipeline,072103f43d8b2488c3efca183f637ab0508a193a,docs/runs/v3.08_sip_access_prerequisite_public_document_research_authorization.md;docs/runs/v3.08_sip_access_prerequisite_official_public_document_research.md,OFFICIAL_PROVIDER_PLAN_ACCESS_LICENSING_AND_POLICY_RESEARCH,HIGH,"Records historical official public statements about plans, IEX/SIP scope, lookback, limits, pricing, classification, licensing, and permitted-use considerations.","Does not establish current terms, account entitlement, target availability, project legal permission, provider acceptance, or API access.",HISTORICAL_PUBLIC_POLICY_EVIDENCE_REQUIRING_FUTURE_REVERIFICATION,Current official evidence collected during an authorized C5 provider decision.,"Record publisher, title, access date, policy scope, interpretation, limitations, and account-specific questions separately.",Historical eight-source public research task.,SUMMARIZE_AND_REFERENCE,C1_REPORT/PUBLIC_PROVIDER_POLICY_EVIDENCE_AND_UNRESOLVED_PREREQUISITES,C5_DATA_SOURCE_CALENDAR_AND_INITIAL_UNIVERSE_DECISION;C13_PUBLICATION_RELEASE,NO_DIRECT_FUNCTIONAL_2v_MAPPING,Best historical public-policy baseline without current entitlement claims.,PENDING
E13-04,Market-data provider and SIP-access investigation,GOVERNANCE_REVIEW_REFERENCE_ONLY;EXACT_RANGE_NOT_YET_DETERMINED,racoope70/ppo-trading-pipeline,072103f43d8b2488c3efca183f637ab0508a193a,docs/reviews/v3.08_sip_access_prerequisite_official_public_document_research_independent_evidence_review.md;docs/reviews/v3.08_sip_access_prerequisite_official_public_document_research_corrected_record_reaudit.md;docs/runs/v3.08_source_of_truth_alignment_after_sip_access_prerequisite_official_public_document_research_evidence_review.md,PUBLIC_RESEARCH_EVIDENCE_FIDELITY_CORRECTION_AND_ACCEPTANCE_CHAIN,HIGH,"Establishes the original research failed for a source-attribution defect, was narrowly corrected, preserved the failed review, and passed re-audit.","Does not establish account entitlement, technical coverage, legal advice, or provider acceptance.",MATERIAL_AUDIT_TRAIL_AND_EVIDENCE_FIDELITY_REFERENCE,None; preserve as historical audit lineage.,"Preserve failed reviews, exact corrections, source fidelity, and separate re-audit.",Historical correction of a source-specific derived-data attribution.,CARRY_FORWARD,C1_REPORT/EVIDENCE_QUALITY_AND_CORRECTION_HISTORY,C5_DATA_SOURCE_CALENDAR_AND_INITIAL_UNIVERSE_DECISION;C13_PUBLICATION_RELEASE,NO_DIRECT_FUNCTIONAL_2v_MAPPING,Demonstrates distinction between official-source facts and unsupported interpretation.,PENDING
E13-05,Market-data provider and SIP-access investigation,FUNCTIONAL_2v.30_REFERENCE;EXACT_RANGE_NOT_YET_DETERMINED,racoope70/ppo-trading-pipeline,072103f43d8b2488c3efca183f637ab0508a193a,docs/runs/v3.08_read_only_account_inspection_authorization.md;docs/reviews/v3.08_read_only_account_inspection_authorization_independent_review.md;docs/runs/v3.08_source_of_truth_acceptance_alignment_for_read_only_account_inspection.md;docs/runs/v3.08_read_only_account_inspection_evidence.md;docs/reviews/v3.08_read_only_account_inspection_evidence_independent_review.md;docs/reviews/v3.08_read_only_account_inspection_evidence_corrected_draft_reaudit.md,SANITIZED_USER_REPORTED_ACCOUNT_PREREQUISITE_EVIDENCE,HIGH,"Records user-reported account displays for plan, included status, history, and paid-plan information with no account change.","Does not establish provider verification, entitlement, account type, professional status, exact limits, coverage, or legal permission.",PARTIAL_ACCOUNT_SPECIFIC_HISTORICAL_EVIDENCE,Future independently governed current account and entitlement evidence.,Sanitize account evidence and distinguish displayed plan information from technical permission.,Historical manual inspection of the existing Alpaca account.,SUMMARIZE_AND_REFERENCE,C1_REPORT/ACCOUNT_SPECIFIC_PREREQUISITE_AND_PROVENANCE_LIMITATIONS,C5_DATA_SOURCE_CALENDAR_AND_INITIAL_UNIVERSE_DECISION,DIRECT_FUNCTIONAL_MAPPING:2v.30,Narrows account context while preserving user-reported provenance limitations.,PENDING
E13-06,Market-data provider and SIP-access investigation,FUNCTIONAL_2v.30_REFERENCE;EXACT_RANGE_NOT_YET_DETERMINED,racoope70/ppo-trading-pipeline,072103f43d8b2488c3efca183f637ab0508a193a,docs/runs/v3.08_minimal_historical_sip_entitlement_test_authorization_planning.md;docs/reviews/v3.08_minimal_historical_sip_entitlement_test_authorization_planning_independent_review.md;docs/runs/v3.08_minimal_historical_sip_access_path_test_authorization.md;docs/reviews/v3.08_minimal_historical_sip_access_path_test_authorization_draft_audit.md;docs/reviews/v3.08_minimal_historical_sip_access_path_test_authorization_corrected_draft_reaudit.md;docs/runs/v3.08_minimal_historical_sip_access_path_test_source_of_truth_acceptance_alignment.md,LEAST_PRIVILEGE_PROVIDER_ACCESS_TEST_CONTROL_DESIGN,HIGH,"Freezes a single AAPL SIP control-bar request with explicit timeframe, adjustment, limit, dates, zero retries, transport prevention, exception safety, and no target-66 access.","Does not establish successful client construction, authentication, API access, entitlement, target coverage, or reusable implementation.",MATERIAL_PROVIDER_ACCESS_CONTROL_REFERENCE,"Future provider-neutral request, transport, entitlement, and evidence controls.","Bound access tests, prevent retry/pagination expansion, classify errors safely, and separate access from coverage.",Historical AAPL 2024-12-23T15:00Z control-test authorization.,CARRY_FORWARD,C1_REPORT/PROVIDER_ACCESS_CONTROLS_AND_FAIL_CLOSED_DESIGN,C4_SELECTED_CODE_MIGRATION_ADAPTATION_AND_VERIFICATION;C5_DATA_SOURCE_CALENDAR_AND_INITIAL_UNIVERSE_DECISION,DIRECT_FUNCTIONAL_MAPPING:2v.30,Contains durable least-privilege controls despite no provider access result.,PENDING
E13-07,Market-data provider and SIP-access investigation,FUNCTIONAL_2v.30_ATTEMPT_REFERENCE;EXACT_RANGE_NOT_YET_DETERMINED,racoope70/ppo-trading-pipeline,072103f43d8b2488c3efca183f637ab0508a193a,docs/runs/v3.08_minimal_historical_sip_access_path_test_execution.md;docs/reviews/v3.08_minimal_historical_sip_access_path_test_execution_independent_evidence_review.md;docs/reviews/v3.08_minimal_historical_sip_access_path_test_execution_corrected_record_reaudit.md,LOCAL_RUNTIME_BLOCK_BEFORE_PROVIDER_ACCESS_EVIDENCE,HIGH,"Establishes the minimal test failed on local ImportError before client, auth, request, transport, response, rows, or market-data access.","Does not establish exact import cause, SIP denial, entitlement failure, response, control-bar availability, target coverage, or suitability.",MATERIAL_NEGATIVE_ACCESS_PATH_EVIDENCE,Future environment qualification and independently reviewed provider-access evidence.,"Separate local runtime failure from provider denial and retain stage, counts, sanitization, and limitations.",Historical ephemeral one-control SIP access-path process.,SUMMARIZE_AND_REFERENCE,C1_REPORT/TERMINAL_SIP_ACCESS_RESULT_AND_ITEM14_HANDOFF,C4_SELECTED_CODE_MIGRATION_ADAPTATION_AND_VERIFICATION;C5_DATA_SOURCE_CALENDAR_AND_INITIAL_UNIVERSE_DECISION,DIRECT_FUNCTIONAL_MAPPING:2v.30,Proves no SIP request occurred and prevents provider misclassification.,PENDING
E13-08,Market-data provider and SIP-access investigation,FUNCTIONAL_2v.30_REFERENCE;EXACT_RANGE_NOT_YET_DETERMINED,racoope70/ppo-trading-pipeline,072103f43d8b2488c3efca183f637ab0508a193a,PROJECT_CONTEXT.md;docs/runs/v3.08_source_of_truth_alignment_after_sip_feed_investigation_evidence_review.md;docs/runs/v3.08_post_sip_feed_investigation_execution_pathway_decision.md,TERMINAL_PROVIDER_ACCESS_AND_ACCEPTANCE_DISPOSITION,HIGH,"Establishes no accepted provider, no established SIP entitlement, no SIP coverage result, and a separate environment-diagnosis handoff.","Does not establish current provider state, current entitlement, or current authorization.",VALID_TERMINAL_HISTORICAL_PROVIDER_DISPOSITION,Canonical PROJECT_CONTEXT.md for current provider and access state.,"Provider investigation must end with explicit accepted, rejected, inconclusive, or blocked disposition.",Historical terminal provider-pathway decision.,CARRY_FORWARD,C1_REPORT/PROVIDER_TERMINAL_STATE_AND_CANONICAL_C5_HANDOFF,C5_DATA_SOURCE_CALENDAR_AND_INITIAL_UNIVERSE_DECISION;C6_DATASET_CONTRACT_FREEZE;C7_DATASET_GENERATION_AND_ACCEPTANCE;C13_PUBLICATION_RELEASE,CONTEXTUAL_FUNCTIONAL_MAPPING:2v.30,Prevents inconclusive access history from becoming provider acceptance.,PENDING
E14-01,Python and Alpaca environment diagnosis,FUNCTIONAL_EXECUTION_EVIDENCE_REFERENCE;EXACT_RANGE_NOT_YET_DETERMINED,racoope70/ppo-trading-pipeline,072103f43d8b2488c3efca183f637ab0508a193a,docs/runs/v3.08_minimal_historical_sip_access_path_test_execution.md;docs/reviews/v3.08_minimal_historical_sip_access_path_test_execution_independent_evidence_review.md;docs/reviews/v3.08_minimal_historical_sip_access_path_test_execution_corrected_record_reaudit.md,LOCAL_IMPORT_ERROR_BEFORE_CLIENT_CREATION_EVIDENCE,HIGH,"Establishes a local ImportError before retry controls, client creation, credential resolution, request submission, authentication, transport, or data access.","Does not establish failed symbol, module, enum path, dependency cause, corrected import, entitlement, provider denial, or SIP availability.",MATERIAL_ITEM_13_TO_ITEM_14_HANDOFF,Later bounded local import diagnoses without erasing the original event.,Separate local runtime failure from provider outcomes and do not infer unsupported causes.,Historical minimal SIP control-test startup.,SUMMARIZE_AND_REFERENCE,C1_REPORT/ITEM14_INITIAL_FAILURE_AND_ENVIRONMENT_DIAGNOSIS_ANTECEDENT,C3_PYTHON_ENVIRONMENT_AND_DEPENDENCY_RECONSTRUCTION;C4_SELECTED_CODE_MIGRATION_ADAPTATION_AND_VERIFICATION,DIRECT_FUNCTIONAL_MAPPING:2v.10,Preserves the pre-client failure boundary and prevents provider misclassification.,PENDING
E14-02,Python and Alpaca environment diagnosis,GOVERNANCE_PLANNING_REFERENCE_ONLY;EXACT_RANGE_NOT_YET_DETERMINED,racoope70/ppo-trading-pipeline,072103f43d8b2488c3efca183f637ab0508a193a,docs/runs/v3.08_minimal_historical_sip_access_path_test_import_failure_remediation_planning.md;docs/reviews/v3.08_minimal_historical_sip_access_path_test_import_failure_remediation_planning_independent_review.md,DOCUMENTATION_ONLY_LOCAL_DIAGNOSIS_AND_REEXECUTION_SEPARATION_PLAN,MEDIUM,"Establishes diagnosis and re-execution were separated, root cause remained unknown, and later work required sanitized local-only evidence.","Does not establish package identity, compatibility, remediation authority, corrected imports, or provider access.",HISTORICAL_PLANNING_PRECEDENT,Canonical C3 environment reconstruction and import-test design.,Diagnosis must precede remediation and must not imply provider or re-execution authority.,Historical planning for one ImportError.,HISTORICAL_ARCHIVE_ONLY,C1_REPORT/ITEM14_CHRONOLOGY_AND_GOVERNANCE_BOUNDARY,C3_PYTHON_ENVIRONMENT_AND_DEPENDENCY_RECONSTRUCTION,NO_DIRECT_FUNCTIONAL_2v_MAPPING,Useful chronology too checkpoint-specific for canonical operation.,PENDING
E14-03,Python and Alpaca environment diagnosis,FUNCTIONAL_2v.10_EXECUTION_AND_IMPORT_CONTRACT_REFERENCE;EXACT_RANGE_NOT_YET_DETERMINED,racoope70/ppo-trading-pipeline,072103f43d8b2488c3efca183f637ab0508a193a,docs/runs/v3.08_minimal_historical_sip_access_path_test_local_import_surface_diagnosis_authorization.md;docs/reviews/v3.08_minimal_historical_sip_access_path_test_local_import_surface_diagnosis_authorization_independent_audit.md;docs/reviews/v3.08_minimal_historical_sip_access_path_test_local_import_surface_diagnosis_authorization_corrected_draft_reaudit.md;docs/runs/v3.08_minimal_historical_sip_access_path_test_local_import_surface_diagnosis_source_of_truth_acceptance_alignment.md;docs/runs/v3.08_minimal_historical_sip_access_path_test_local_import_surface_diagnosis_execution.md;docs/reviews/v3.08_minimal_historical_sip_access_path_test_local_import_surface_diagnosis_execution_independent_evidence_review.md,BOUNDED_SIX_SYMBOL_LOCAL_IMPORT_SURFACE_DIAGNOSIS,HIGH,"Records a reported Python 3.12.2 and alpaca-py 0.43.4 surface where six symbols were discoverable, DataFeed/Adjustment probes passed, and four probes raised sanitized TypeError.","Does not establish Python 3.11 package identity, universal compatibility, provider readiness, or corrected source imports.",MATERIAL_BOUNDED_IMPORT_SURFACE_EVIDENCE,Later Python 3.11 guarded diagnosis and canonical C3 environment.,"Use exact interpreter, distribution, version, import targets, and offline probes in environment qualification.",Historical six-symbol local import diagnosis.,CARRY_FORWARD,C1_REPORT/ITEM14_FIRST_DIAGNOSIS_AND_CANONICAL_IMPORT_TEST_REQUIREMENTS,C3_PYTHON_ENVIRONMENT_AND_DEPENDENCY_RECONSTRUCTION;C4_SELECTED_CODE_MIGRATION_ADAPTATION_AND_VERIFICATION,DIRECT_FUNCTIONAL_MAPPING:2v.10,Material import-surface evidence with environment-specific limits.,PENDING
E14-04,Python and Alpaca environment diagnosis,GOVERNANCE_EVIDENCE_CAPTURE_REFERENCE;EXACT_RANGE_NOT_YET_DETERMINED,racoope70/ppo-trading-pipeline,072103f43d8b2488c3efca183f637ab0508a193a,docs/runs/v3.08_minimal_historical_sip_access_path_test_local_import_surface_diagnosis_technical_root_cause_authorization.md;docs/reviews/v3.08_minimal_historical_sip_access_path_test_local_import_surface_diagnosis_technical_root_cause_authorization_independent_review.md;docs/runs/v3.08_minimal_historical_sip_access_path_test_local_import_surface_diagnosis_technical_root_cause_failed_execution_evidence.md,AUTHORIZED_ONE_TIME_DIAGNOSIS_WITH_MISSING_REQUIRED_EXECUTION_RECORD,HIGH,"Establishes the command was reported invoked, the required record was absent, technical states were unverifiable, and scope closed fail-closed and non-reusable.","Does not establish startup, completion, guards, probes, exception evidence, cause, counts, or remediation feasibility.",MATERIAL_FAILED_EVIDENCE_CAPTURE_REFERENCE,First-persistent-action atomic evidence design used later.,Create durable evidence before material activity and close missing-record one-time scope without retry.,Historical shell-exec diagnosis invocation.,SUMMARIZE_AND_REFERENCE,C1_REPORT/ITEM14_FAILED_ATTEMPT_AND_EVIDENCE_COMPLETENESS,C3_PYTHON_ENVIRONMENT_AND_DEPENDENCY_RECONSTRUCTION;C13_PUBLICATION_RELEASE,NO_DIRECT_FUNCTIONAL_2v_MAPPING,Publication-relevant negative example of evidence-before-execution necessity.,PENDING
E14-05,Python and Alpaca environment diagnosis,FUNCTIONAL_2v.10_COMMAND_AND_EXECUTION_REFERENCE;EXACT_RANGE_NOT_YET_DETERMINED,racoope70/ppo-trading-pipeline,072103f43d8b2488c3efca183f637ab0508a193a,artifacts/ppo_v2/package_preparation/v3_08_fresh_technical_diagnosis/commands/future_exact_diagnosis_command.txt;docs/runs/v3.08_minimal_historical_sip_access_path_test_local_import_surface_diagnosis_technical_root_cause_fresh_authorization.md;docs/runs/v3.08_minimal_historical_sip_access_path_test_local_import_surface_diagnosis_technical_root_cause_fresh_authorization_corrected_exact_command_proposal.md;docs/reviews/v3.08_minimal_historical_sip_access_path_test_local_import_surface_diagnosis_technical_root_cause_fresh_authorization_corrected_exact_command_independent_review.md;docs/runs/v3.08_minimal_historical_sip_access_path_test_local_import_surface_diagnosis_technical_root_cause_fresh_authorization_execution.md;docs/reviews/v3.08_diagnosis_execution_module_not_found_classification_correction_independent_review.md,STATIC_GUARDED_COMMAND_AND_PYTHON311_IMPORT_DIAGNOSIS_EVIDENCE,HIGH,"Records a one-process Python 3.11 diagnosis with four ModuleNotFoundError outcomes, zero retry/network/API/data counts, atomic evidence writing, and preflight controls.","Does not establish .venv311 package identity/version, package absence, correct Sort path, compatible remediation, provider readiness, or raw-command-to-final-classification identity.",MATERIAL_BUT_INTERNALLY_LIMITED_TECHNICAL_AND_PROVENANCE_EVIDENCE,"Future canonical C3 manifest, lock, and offline import test suite.","Use atomic evidence, exact interpreter guards, bounded probes, sanitized failures, and no-network controls.",Historical guarded one-process diagnostic command.,SUMMARIZE_AND_REFERENCE,C1_REPORT/ITEM14_PYTHON311_DIAGNOSIS_COMMAND_CONTROL_AND_DEFECT,C3_PYTHON_ENVIRONMENT_AND_DEPENDENCY_RECONSTRUCTION;C4_SELECTED_CODE_MIGRATION_ADAPTATION_AND_VERIFICATION;C13_PUBLICATION_RELEASE,DIRECT_FUNCTIONAL_MAPPING:2v.10,Direct command evidence whose logic and interpretation limitations must remain explicit.,PENDING
E14-06,Python and Alpaca environment diagnosis,GOVERNANCE_PLANNING_REFERENCE_ONLY;EXACT_RANGE_NOT_YET_DETERMINED,racoope70/ppo-trading-pipeline,072103f43d8b2488c3efca183f637ab0508a193a,docs/runs/v3.08_guarded_python311_alpaca_import_surface_remediation_evidence_resolution_plan.md;docs/reviews/v3.08_guarded_python311_alpaca_import_surface_remediation_evidence_resolution_plan_independent_review.md;docs/runs/v3.08_guarded_python311_alpaca_package_identity_version_inspection_authorization_plan.md;docs/reviews/v3.08_guarded_python311_alpaca_package_identity_version_inspection_authorization_plan_independent_review.md;docs/runs/v3.08_guarded_python311_alpaca_package_identity_version_inspection_exact_command.md;docs/reviews/v3.08_guarded_python311_alpaca_package_identity_version_inspection_exact_command_independent_review.md;docs/runs/v3.08_guarded_python311_alpaca_package_identity_version_inspection_launch_authorization_plan.md;docs/reviews/v3.08_guarded_python311_alpaca_package_identity_version_inspection_launch_authorization_plan_independent_review.md,UNEXECUTED_PACKAGE_IDENTITY_AND_VERSION_EVIDENCE_RESOLUTION_CHAIN,HIGH,"Establishes .venv311 distribution identity, version, compatible version, and source remained unresolved and a bounded metadata command was designed.","Does not establish actual identity, installed version, source, presence, compatibility, installation, or remediation.",MATERIAL_UNRESOLVED_STATE_AND_FUTURE_CONTROL_REFERENCE,Canonical C3 environment construction and manifest.,"Establish package identity, version, source, compatibility, remediation, rollback, and verification separately.",Historical multi-stage planning for a metadata query.,SUMMARIZE_AND_REFERENCE,C1_REPORT/ITEM14_UNRESOLVED_PACKAGE_IDENTITY_AND_REMEDIATION_PREREQUISITES,C3_PYTHON_ENVIRONMENT_AND_DEPENDENCY_RECONSTRUCTION,CONTEXTUAL_FUNCTIONAL_MAPPING:2v.10,Prevents Python 3.12 package facts from being transferred to Python 3.11.,PENDING
E14-07,Python and Alpaca environment diagnosis,FUNCTIONAL_2v.10_CONFIGURATION_REFERENCE;EXACT_RANGE_NOT_YET_DETERMINED,racoope70/ppo-trading-pipeline,072103f43d8b2488c3efca183f637ab0508a193a,requirements.txt;.github/workflows/tests.yml,UNPINNED_DEPENDENCY_AND_FLOATING_CI_ENVIRONMENT_CONFIGURATION,HIGH,Establishes unpinned alpaca-py in requirements and CI and Python 3.12 without exact patch or lock-bound environment.,"Does not establish which version local or CI runs installed, source identity, hashes, or environment equivalence.",MATERIAL_REPRODUCIBILITY_DEFECT_EVIDENCE,Canonical C3 locked dependency and CI configuration.,Use identical reviewed Python and dependency identities locally and in CI without implicit latest resolution.,Historical pip installation behavior.,CARRY_FORWARD,C1_REPORT/ITEM14_DEPENDENCY_DRIFT_AND_C3_REQUIREMENTS,C3_PYTHON_ENVIRONMENT_AND_DEPENDENCY_RECONSTRUCTION;C13_PUBLICATION_RELEASE,DIRECT_FUNCTIONAL_MAPPING:2v.10,Direct immutable evidence of the historical environment-reproducibility weakness.,PENDING
E14-08,Python and Alpaca environment diagnosis,GOVERNANCE_PLANNING_REFERENCE_ONLY;EXACT_RANGE_NOT_YET_DETERMINED,racoope70/ppo-trading-pipeline,072103f43d8b2488c3efca183f637ab0508a193a,docs/runs/v3.08_guarded_python311_alpaca_import_surface_remediation_authorization_plan.md;docs/reviews/v3.08_guarded_python311_alpaca_import_surface_remediation_authorization_plan_independent_review.md;docs/runs/v3.08_guarded_python311_alpaca_import_surface_remediation_plan.md;docs/reviews/v3.08_guarded_python311_alpaca_import_surface_remediation_plan_independent_review.md;docs/runs/v3.08_version_mismatch_remediation_planning_authorization.md,DOCUMENTATION_ONLY_PACKAGE_AND_INTERPRETER_REMEDIATION_PLANNING,HIGH,Establishes remediation remained conceptual and separated from installation and verification.,"Does not establish a selected package, version, source, command, rollback, install, or verified result.",HISTORICAL_UNEXECUTED_REMEDIATION_PLANNING,Canonical C3 environment construction and dependency lock.,Do not treat remediation plans as installation or compatibility evidence.,Historical multi-record remediation planning chain.,HISTORICAL_ARCHIVE_ONLY,C1_REPORT/ITEM14_NO_REMEDIATION_TERMINAL_DISPOSITION,C3_PYTHON_ENVIRONMENT_AND_DEPENDENCY_RECONSTRUCTION,NO_DIRECT_FUNCTIONAL_2v_MAPPING,Preserves the unexecuted boundary without carrying the procedure forward.,PENDING
E14-09,Python and Alpaca environment diagnosis,FUNCTIONAL_CONTEXT_REFERENCE_ONLY;EXACT_RANGE_NOT_YET_DETERMINED,racoope70/ppo-trading-pipeline,072103f43d8b2488c3efca183f637ab0508a193a,PROJECT_CONTEXT.md;docs/runs/v3.08_dataset_generation_execution_remediation.md;docs/reviews/v3.08_diagnosis_execution_module_not_found_classification_correction_independent_review.md,TERMINAL_HISTORICAL_ENVIRONMENT_DISPOSITION_AND_PROVENANCE_LIMITS,HIGH,"Establishes no reusable diagnosis authority, no Alpaca remediation, no verified .venv311 identity, no provider access, and a fail-closed terminal environment state.","Does not establish current environment status, compatible versions, or current provider readiness.",VALID_TERMINAL_HISTORICAL_ENVIRONMENT_DISPOSITION,Canonical PROJECT_CONTEXT.md and future C3 evidence for current state.,"Environment work must end with explicit supported version, lock identity, offline import proof, and unresolved-state reporting.",Historical terminal environment handoff.,CARRY_FORWARD,C1_REPORT/ITEM14_TERMINAL_ENVIRONMENT_STATE_AND_C3_HANDOFF,C3_PYTHON_ENVIRONMENT_AND_DEPENDENCY_RECONSTRUCTION;C4_SELECTED_CODE_MIGRATION_ADAPTATION_AND_VERIFICATION;C5_DATA_SOURCE_CALENDAR_AND_INITIAL_UNIVERSE_DECISION;C13_PUBLICATION_RELEASE,CONTEXTUAL_FUNCTIONAL_MAPPING:2v.10,Preserves the exact unresolved terminal state for canonical reconstruction.,PENDING
E15-01,Governance-system development and lessons,NO_DIRECT_FUNCTIONAL_2v_MAPPING,racoope70/ppo-trading-pipeline,072103f43d8b2488c3efca183f637ab0508a193a,README.md;PROJECT_CONTEXT.md;docs/workflows/milestone_review_reference_map.md;docs/workflows/future_validation_training_reference_map.md,TERMINAL_THREE_DOCUMENT_SOURCE_HIERARCHY,HIGH,"Establishes controlling state in PROJECT_CONTEXT, navigation/evidence lookup in the milestone map, future guidance in the future map, and exact chronology in Git/latest records.",Does not establish perfect terminal alignment or technical readiness.,MATERIAL_CANONICAL_GOVERNANCE_ARCHITECTURE_INPUT,Canonical repository source hierarchy.,"Use one controlling current-state document, non-authorizing navigation, guidance-only future map, and immutable chronology.",Historical three-document hierarchy implementation.,CARRY_FORWARD,C1_REPORT/FINAL_GOVERNANCE_ARCHITECTURE_AND_SOURCE_HIERARCHY,C2_CANONICAL_REPOSITORY_SKELETON_AND_MIGRATION_PREPARATION;C13_PUBLICATION_RELEASE,NO_DIRECT_FUNCTIONAL_2v_MAPPING,Principal durable governance architecture lesson.,PENDING
E15-02,Governance-system development and lessons,NO_DIRECT_FUNCTIONAL_2v_MAPPING,racoope70/ppo-trading-pipeline,072103f43d8b2488c3efca183f637ab0508a193a,docs/runs/v3.08_governance_source_of_truth_structure_simplification.md,DOCUMENTATION_ONLY_SOURCE_OF_TRUTH_SIMPLIFICATION_RECORD,HIGH,"Establishes removal of micro-checkpoint tracking and hard-coded latest commits from broad state documents, with chronology assigned to Git/latest records.",Does not establish that all terminal drift was eliminated.,MATERIAL_SIMPLIFICATION_AND_ANTI_DRIFT_REFERENCE,Canonical C2 governance maintenance rules.,Keep broad state concise and avoid duplicating operational chronology.,Historical v3.08 simplification checkpoint.,SUMMARIZE_AND_REFERENCE,C1_REPORT/GOVERNANCE_SIMPLIFICATION_AND_ANTI_DRIFT_RECOMMENDATION,C2_CANONICAL_REPOSITORY_SKELETON_AND_MIGRATION_PREPARATION,NO_DIRECT_FUNCTIONAL_2v_MAPPING,Strong anti-drift lesson without carrying checkpoint-specific mechanics.,PENDING
E15-03,Governance-system development and lessons,MIXED_RECORD_GROUP;DIRECT_2v.30_FOR_DATA_FETCH_AUTHORIZATION;DIRECT_2v.40_FOR_DATASET_GENERATION_AUTHORIZATION;DIRECT_2v.80_AND_2v.90_FOR_LEGACY_PPO_PROMOTION_AND_TRADING_DISPOSITION;CONTEXTUAL_2v.70_FOR_PPO_V2_RETRAINING_DESIGN_AND_PLANNING_AUTHORIZATION;EXACT_RANGE_NOT_YET_DETERMINED,racoope70/ppo-trading-pipeline,072103f43d8b2488c3efca183f637ab0508a193a,docs/decisions/v1.65_legacy_ppo_final_audit_decision.md;docs/runs/v1.66_ppo_v2_retraining_design.md;docs/runs/v1.67_ppo_v2_retraining_authorization_review.md;docs/decisions/v1.67_ppo_v2_retraining_authorization_review.md;docs/runs/v3.08_data_fetch_authorization.md;docs/runs/v3.08_dataset_generation_authorization.md,REPRESENTATIVE_PLANNING_AUTHORIZATION_EXECUTION_SEPARATION_CHAIN,HIGH,"Establishes separation of design, planning, authorization, execution, evidence review, readiness, promotion, and order authority.",Does not make any historical authorization current or prove successful execution.,MATERIAL_AUTHORIZATION_LIFECYCLE_REFERENCE,Canonical risk-tiered lifecycle and current PROJECT_CONTEXT.md.,"Planning, authorization, execution, acceptance, promotion, and order authority must remain distinct.",Historical checkpoint-specific authorization chains.,CARRY_FORWARD,C1_REPORT/AUTHORIZATION_LIFECYCLE_AND_GOVERNANCE_VERSUS_SUBSTANTIVE_OUTCOME,C2_CANONICAL_REPOSITORY_SKELETON_AND_MIGRATION_PREPARATION;C13_PUBLICATION_RELEASE,DIRECT_FUNCTIONAL_MAPPING:2v.30;2v.40;2v.80;2v.90;CONTEXTUAL_FUNCTIONAL_MAPPING:2v.70,Representative mixed group requiring subset-specific mappings.,PENDING
E15-04,Governance-system development and lessons,MIXED_RECORD_GROUP;DIRECT_2v.50_FOR_VALIDATION_ONLY_PREFLIGHT_AUTHORIZATION_EXECUTION_AND_EVIDENCE_REVIEW;DIRECT_2v.40_FOR_DATASET_GENERATION_EXECUTION_AND_REEXECUTION;NO_DIRECT_FUNCTIONAL_2v_MAPPING_FOR_LOCAL_DIAGNOSIS_EVIDENCE_CAPTURE_FAILURE;EXACT_RANGE_NOT_YET_DETERMINED,racoope70/ppo-trading-pipeline,072103f43d8b2488c3efca183f637ab0508a193a,docs/audits/v3.07_explicit_validation_only_preflight_authorization_checkpoint.md;docs/runs/v3.07_validation_only_preflight_execution_r1_r6_evidence.md;docs/audits/v3.07_validation_only_preflight_evidence_review_r1_r6.md;docs/runs/v3.08_dataset_generation_execution.md;docs/runs/v3.08_dataset_generation_reexecution.md;docs/runs/v3.08_minimal_historical_sip_access_path_test_local_import_surface_diagnosis_technical_root_cause_failed_execution_evidence.md,REPRESENTATIVE_FAIL_CLOSED_EXECUTION_AND_NON_REUSABLE_SCOPE_EVIDENCE,HIGH,"Establishes material negative outcomes stopped progression, preserved failure states, consumed one-time scope, and required new authority.",Does not establish that every fail-closed checkpoint was proportionate or technically successful.,MATERIAL_CONTROL_AND_PROPORTIONALITY_LESSON,Canonical risk-tiered authorization and concise scope-consumption records.,"Material failures must stop progression, preserve exact state, consume scope, and require new authority.","Historical validation, generation, and failed-diagnosis chains.",CARRY_FORWARD,C1_REPORT/FAIL_CLOSED_ONE_TIME_AUTHORIZATION_AND_NEGATIVE_OUTCOME_FINDINGS,C2_CANONICAL_REPOSITORY_SKELETON_AND_MIGRATION_PREPARATION;C13_PUBLICATION_RELEASE,DIRECT_FUNCTIONAL_MAPPING:2v.50;2v.40;NO_DIRECT_FUNCTIONAL_2v_MAPPING,Corrected mixed classification preserves direct and governance-only subsets.,PENDING
E15-05,Governance-system development and lessons,NO_DIRECT_FUNCTIONAL_2v_MAPPING,racoope70/ppo-trading-pipeline,072103f43d8b2488c3efca183f637ab0508a193a,docs/reviews/v3.08_post_sip_feed_investigation_execution_pathway_decision_draft_audit.md;docs/reviews/v3.08_post_sip_feed_investigation_execution_pathway_decision_corrected_draft_reaudit.md;docs/reviews/v3.08_sip_access_prerequisite_official_public_document_research_independent_evidence_review.md;docs/reviews/v3.08_sip_access_prerequisite_official_public_document_research_corrected_record_reaudit.md;docs/reviews/v3.08_read_only_account_inspection_evidence_independent_review.md;docs/reviews/v3.08_read_only_account_inspection_evidence_corrected_draft_reaudit.md,REPRESENTATIVE_FAILED_REVIEW_CORRECTION_AND_SEPARATE_REAUDIT_LINEAGE,HIGH,"Establishes independent reviews produced specific findings, failures remained immutable, corrections were narrow, and corrected records received separate re-audits.",Does not establish direct technical correctness beyond each review scope.,MATERIAL_CORRECTION_LINEAGE_REFERENCE,Canonical independent-review and correction policy.,"Never erase failed review; preserve original, exact correction, and separate re-audit.",Historical multi-record correction chains.,CARRY_FORWARD,C1_REPORT/INDEPENDENT_REVIEW_QUALITY_AND_CORRECTION_LINEAGE,C2_CANONICAL_REPOSITORY_SKELETON_AND_MIGRATION_PREPARATION;C13_PUBLICATION_RELEASE,NO_DIRECT_FUNCTIONAL_2v_MAPPING,Strongest reusable pattern for publication-ready correction lineage.,PENDING
E15-06,Governance-system development and lessons,MIXED_RECORD_GROUP;DIRECT_2v.10_FOR_v2.79_IMPLEMENTATION_CHECKPOINT;CONTEXTUAL_2v.10_AND_2v.20_FOR_v2.83_POST_IMPLEMENTATION_AUDIT;NO_DIRECT_FUNCTIONAL_2v_MAPPING_FOR_ARCHIVE_COMPRESSION_AND_v2.87_ADMINISTRATIVE_CLOSEOUT;EXACT_RANGE_NOT_YET_DETERMINED,racoope70/ppo-trading-pipeline,072103f43d8b2488c3efca183f637ab0508a193a,docs/archive/evidence_contract_usage_chain_v2_76_v3_02.md;docs/runs/v2.79_ppo_v2_validation_reporting_scaffold_evidence_contract_usage_implementation_checkpoint.md;docs/runs/v2.83_ppo_v2_validation_reporting_scaffold_evidence_contract_usage_post_implementation_audit.md;docs/runs/v2.87_ppo_v2_validation_reporting_scaffold_evidence_contract_usage_archived_chain_review.md,GROUPED_ARCHIVE_AND_REPRESENTATIVE_PROLIFERATION_EVIDENCE,HIGH,Establishes substantive implementation and audit were followed by a long administrative closeout sequence and later grouped-summary recommendation.,Does not establish that archive compression replaces material technical evidence.,MATERIAL_CHECKPOINT_PROLIFERATION_AND_COMPRESSION_LESSON,Canonical concise completion and archive records.,Use grouped navigation summaries while preserving detailed immutable evidence only where substantive.,Historical v2.76 through v3.02 administrative sequence.,SUMMARIZE_AND_REFERENCE,C1_REPORT/CHECKPOINT_PROLIFERATION_AND_ARCHIVE_COMPRESSION_FINDINGS,C2_CANONICAL_REPOSITORY_SKELETON_AND_MIGRATION_PREPARATION;C13_PUBLICATION_RELEASE,DIRECT_FUNCTIONAL_MAPPING:2v.10;CONTEXTUAL_FUNCTIONAL_MAPPING:2v.10;2v.20;NO_DIRECT_FUNCTIONAL_2v_MAPPING,Corrected subset treatment avoids labeling implementation as governance-only.,PENDING
E15-07,Governance-system development and lessons,MIXED_RECORD_GROUP;DIRECT_2v.10_FOR_STATIC_COMMAND_ARTIFACT;NO_DIRECT_FUNCTIONAL_2v_MAPPING_FOR_FAILED_EXECUTION_EVIDENCE_AND_DOCUMENTARY_CLASSIFICATION_CORRECTION_RECORDS;EXACT_RANGE_NOT_YET_DETERMINED,racoope70/ppo-trading-pipeline,072103f43d8b2488c3efca183f637ab0508a193a,artifacts/ppo_v2/package_preparation/v3_08_fresh_technical_diagnosis/commands/future_exact_diagnosis_command.txt;docs/runs/v3.08_minimal_historical_sip_access_path_test_local_import_surface_diagnosis_technical_root_cause_failed_execution_evidence.md;docs/runs/v3.08_minimal_historical_sip_access_path_test_local_import_surface_diagnosis_technical_root_cause_fresh_authorization_execution.md;docs/reviews/v3.08_diagnosis_execution_module_not_found_classification_correction_independent_review.md,EXACT_COMMAND_RAW_EVIDENCE_AND_CORRECTED_INTERPRETATION_GOVERNANCE_LESSONS,HIGH,"Establishes exact-command review, atomic evidence, bounded output, freshness guards, and no-retry controls were valuable, while static review missed logic/target defects and interpretation required correction.",Does not establish that the command result alone resolved package identity or compatibility.,MATERIAL_COMMAND_AND_EVIDENCE_PROVENANCE_LESSON,Canonical tested diagnostic tooling and raw/corrected evidence separation.,"Test exact executable behavior, create raw evidence before action, preserve it immutably, and correct separately.",Historical bespoke here-doc command and documentary correction.,SUMMARIZE_AND_REFERENCE,C1_REPORT/COMMAND_GOVERNANCE_EVIDENCE_PROVENANCE_AND_PROPORTIONALITY,C2_CANONICAL_REPOSITORY_SKELETON_AND_MIGRATION_PREPARATION;C13_PUBLICATION_RELEASE,DIRECT_FUNCTIONAL_MAPPING:2v.10;NO_DIRECT_FUNCTIONAL_2v_MAPPING,Corrected treatment preserves the static artifact as direct implementation evidence.,PENDING
E15-08,Governance-system development and lessons,MIXED_RECORD_GROUP;CONTEXTUAL_2v.10_FOR_DATASET_RECONSTRUCTION_IMPLEMENTATION_AUTHORIZATION_RECORD;NO_DIRECT_FUNCTIONAL_2v_MAPPING_FOR_README_PROJECT_CONTEXT_AND_MILESTONE_MAP;EXACT_RANGE_NOT_YET_DETERMINED,racoope70/ppo-trading-pipeline,072103f43d8b2488c3efca183f637ab0508a193a,README.md;PROJECT_CONTEXT.md;docs/workflows/milestone_review_reference_map.md;docs/runs/v3.08_dataset_reconstruction_implementation_authorization.md,TERMINAL_SOURCE_OF_TRUTH_DRIFT_AND_CHRONOLOGY_RECONSTRUCTION_EVIDENCE,HIGH,"Establishes README lag, stale controlling summaries, operational roadmap detail, and reliance on Git/latest records for exact chronology.",Does not establish that the source hierarchy itself was invalid or that authorization was lost.,MATERIAL_SOURCE_OF_TRUTH_DRIFT_EVIDENCE,Canonical concise PROJECT_CONTEXT and non-authorizing maps.,Update current state atomically and keep chronology out of broad summaries.,Historical source-of-truth alignment records.,SUMMARIZE_AND_REFERENCE,C1_REPORT/SOURCE_OF_TRUTH_DRIFT_AND_CANONICAL_MAINTENANCE_GUIDANCE,C2_CANONICAL_REPOSITORY_SKELETON_AND_MIGRATION_PREPARATION,CONTEXTUAL_FUNCTIONAL_MAPPING:2v.10;NO_DIRECT_FUNCTIONAL_2v_MAPPING,Corrected mixed record group separates implementation authorization from governance drift records.,PENDING
E15-09,Governance-system development and lessons,MIXED_RECORD_GROUP;DIRECT_2v.30_FOR_DATA_FETCH_AUTHORIZATION;CONTEXTUAL_2v.30_FOR_POST_SIP_PROVIDER_PATHWAY_DECISION;CONTEXTUAL_2v.50_FOR_v3.07_VALIDATION_READINESS_SUMMARY;NO_DIRECT_FUNCTIONAL_2v_MAPPING_FOR_FUTURE_MAP_AND_SOURCE_OF_TRUTH_SIMPLIFICATION;EXACT_RANGE_NOT_YET_DETERMINED,racoope70/ppo-trading-pipeline,072103f43d8b2488c3efca183f637ab0508a193a,docs/workflows/future_validation_training_reference_map.md;docs/archive/v3_07_validation_readiness_chain_summary.md;docs/runs/v3.08_data_fetch_authorization.md;docs/runs/v3.08_post_sip_feed_investigation_execution_pathway_decision.md;docs/runs/v3.08_governance_source_of_truth_structure_simplification.md,RISK_TIER_AND_PHASE_BOUNDARY_GOVERNANCE_EVIDENCE,HIGH,Establishes high-risk data/provider/model/holdout/order activity needed staged governance while ordinary documentation and offline work did not.,Does not establish one universal governance burden for every task.,MATERIAL_PROPORTIONAL_GOVERNANCE_REFERENCE,Canonical risk-tiered C2 and C13 governance.,Apply full governance to material risk and ordinary engineering controls to low-risk work.,Historical staged authorization and simplification records.,CARRY_FORWARD,C1_REPORT/PROPORTIONAL_GOVERNANCE_FRAMEWORK,C2_CANONICAL_REPOSITORY_SKELETON_AND_MIGRATION_PREPARATION;C13_PUBLICATION_RELEASE,DIRECT_FUNCTIONAL_MAPPING:2v.30;CONTEXTUAL_FUNCTIONAL_MAPPING:2v.30;2v.50;NO_DIRECT_FUNCTIONAL_2v_MAPPING,"Corrected mixed classification preserves direct, contextual, and no-direct subsets.",PENDING
E15-10,Governance-system development and lessons,NO_DIRECT_FUNCTIONAL_2v_MAPPING,racoope70/ppo-trading-pipeline,072103f43d8b2488c3efca183f637ab0508a193a,docs/workflows/milestone_review_reference_map.md;docs/runs/v3.08_governance_source_of_truth_structure_simplification.md;docs/archive/evidence_contract_usage_chain_v2_76_v3_02.md,FUNCTIONAL_LOOKUP_NAVIGATION_AND_CROSSWALK_LIMITATION_EVIDENCE,HIGH,"Establishes the functional 2v lookup is useful, governance-only records have no direct mapping, and checkpoint numbers cannot become invented contiguous ranges.",Does not establish an exact contiguous legacy range or independent authorization.,MATERIAL_ACCEPTED_CROSSWALK_DESIGN_INPUT,Owner-accepted bounded-section-to-functional-2v crosswalk and future concise milestone lookup.,"Use noncontiguous direct, contextual, no-direct, and unresolved references with curated evidence.",Historical functional lookup and navigation maintenance.,CARRY_FORWARD,C1_REPORT/FUNCTIONAL_CROSSWALK_AND_NONCONTIGUOUS_REFERENCE_DESIGN,C2_CANONICAL_REPOSITORY_SKELETON_AND_MIGRATION_PREPARATION;C13_PUBLICATION_RELEASE,NO_DIRECT_FUNCTIONAL_2v_MAPPING,Preserves the accepted crosswalk limitation and future navigation requirement.,PENDING
